tweetid,user,content,date,lang,value
7.68214E+17,968615065,"-Me caes muy bien -Tienes que jugar más partidas al lol con Russel y conmigo -Por qué tan Otako, deja de ser otako -Haber si me muero",Tue Aug 23 22:30:35 +0000 2016,es,NONE
7.68213E+17,1668815113,@estherct209 jajajaja la tuya y la d mucha gente seguro!! Pero yo no puedo sin mi melena me muero,Tue Aug 23 22:25:29 +0000 2016,es,N
7.68225E+17,76593802,Se ha terminado #Rio2016 Lamentablemente no arriendo las ganancias al pueblo brasileño por la penuria que les espera Suerte y solidaridad,Tue Aug 23 23:13:42 +0000 2016,es,N
7.68232E+17,379715572,11. siiii fue super gracioso teniamos que habernos sacado una foto,Tue Aug 23 23:41:26 +0000 2016,es,P
7.68231E+17,1859614807,Mg y pongo un adjetivo super repelente a vuestro nombre,Tue Aug 23 23:38:17 +0000 2016,es,N
7.68224E+17,179021465,@EduGalan14  Jaja.Es de bien nacidos ser agradecidos que diría aquel.Tiene el récord de puntos del VCF.Creo q cumplió con lo que había.,Tue Aug 23 23:09:44 +0000 2016,es,P
7.68223E+17,576208234,"@misscatingcat Bueno, al menos has acabado la noche con una hermosa vista  Ami tambien me gusta verlos por la noche ^^",Tue Aug 23 23:07:44 +0000 2016,es,P
7.68229E+17,2751965073,"@Sakura_Abril Ow  Bueno, no pasa nada, cuando puedas confirmarlo, estoy aquí Y si no pudieras de cosplay pero sí a la expo, +",Tue Aug 23 23:31:34 +0000 2016,es,P
7.68229E+17,240425354,"Aunque pensaba que no podría hacerlo hasta el mes de octubre, el lunes próximo volveré a ver a mi familia de #Mataró *.*   #felicidad",Tue Aug 23 23:30:21 +0000 2016,es,P
7.68233E+17,2305159166,@tejecristal 765 emberda Y porque estoy dedicandome a otros supps últimamente,Tue Aug 23 23:46:22 +0000 2016,es,NONE
7.68233E+17,979907832,@Yosmath @Planeta87Radio  #Incantus  Genial ya estoy conectada,Tue Aug 23 23:44:49 +0000 2016,es,P
7.68016E+17,2625903877,"@pabloserrano @JesusBengoechea Madrid tiene la cultura propia de los que ""no tiene cultura propia"". Vamos, como los romanos en su tiempo",Tue Aug 23 09:25:28 +0000 2016,es,N
7.68016E+17,311621119,"Gracias por los ánimos! He dormido un poco más, me he tomado una pastilla y ha bajado a 36 y medio, pero aún me noto rara",Tue Aug 23 09:24:27 +0000 2016,es,N
7.68078E+17,3829631,"@KunMadera pues date unas cuantas horas, que es muy temprano",Tue Aug 23 13:30:58 +0000 2016,es,NEU
7.68056E+17,2166459326,"@achocoblog ... bueno, desierta, desierta, no, con algunos seres feéricos",Tue Aug 23 12:02:06 +0000 2016,es,P
7.68056E+17,14697311,@policia 2 horas esperando en Comisaría Gandia y han atendido a 3 personas! Y solamente para una autorización de viaje a un menor.,Tue Aug 23 12:01:51 +0000 2016,es,N
7.68056E+17,365143716,"@angeleta1973 @elespanolcom No he visto su DNI o Pasaporte pero presume de serlo aunque es muy,demasiado,peculiar y poco caritativa",Tue Aug 23 12:01:42 +0000 2016,es,N
7.68065E+17,99989361,@BarrosNerea Tú siempre sexy Nerea!! Qué tengas un maravilloso día! Besitos!,Tue Aug 23 12:37:41 +0000 2016,es,P
7.68064E+17,787574838,@WINTERSCLIFF0RD ni tu como soportas el calor sevillano hija mía,Tue Aug 23 12:33:31 +0000 2016,es,N
7.68059E+17,3294278025,Ayer me quedé dormido xdddd lo peor esque sigo reventado,Tue Aug 23 12:15:06 +0000 2016,es,N
7.68057E+17,123662128,"@lmg muchísimas gracias Luis  Tú también eres un ejemplo de constancia y buen trabajo, espero que os vaya todo genial!",Tue Aug 23 12:07:20 +0000 2016,es,P
7.68057E+17,818556614,Tengo una adicción muy seria al burguer King necesito ayuda profesional,Tue Aug 23 12:06:51 +0000 2016,es,N
7.68057E+17,7820872,"Me dice un pajarito que ahora mismo no puede reservar en la web de BiBo, lo nuevo de @danigarcia_ca. Espero que sea por la demanda.",Tue Aug 23 12:06:50 +0000 2016,es,N
7.6808E+17,2358126674,Estoy preparando muchas cosas para que el especial sea muy especial,Tue Aug 23 13:36:42 +0000 2016,es,P
7.68078E+17,38192758,"Solo porque UNA persona diga que me conoce y opine sobre cómo soy, y convenza a otra de ello no significa que sea así",Tue Aug 23 13:32:05 +0000 2016,es,NEU
7.68078E+17,564946577,"@TeAbroUnaNueva porque no vives en Madrid!!  bueno yo estoy ahorrando, yo lo intento jo y si no pues en la cola y ya quedaremos a parte..",Tue Aug 23 13:31:52 +0000 2016,es,NONE
7.68073E+17,620142848,"@fonzeff @malenko_ @girotix Eso me temo, mucho calor y mucha gente por todos lados, lo malo de viajar en agosto",Tue Aug 23 13:10:46 +0000 2016,es,N
7.68082E+17,632487072,"@goetha Jajaja se aprovechó lo ke pudo, ya se fue a currar pero mañana descansa  mucho lío entonces no? Y con el malagueño que tal?",Tue Aug 23 13:48:24 +0000 2016,es,P
7.68557E+17,282964927,@cayusollo pues necesito un audio para el próximo episodio ¿te animas?,Wed Aug 24 21:13:05 +0000 2016,es,NONE
7.68531E+17,155324448,@ManuBarba Lo feo es llegar al reina sofía y que los descuentos de estudiante sean para menores de 27 años,Wed Aug 24 19:29:45 +0000 2016,es,N
7.6853E+17,913081663,"Ah vale, me suelta la puta subnormal, te estoy llamando. Le digo que no me sale y dice ""ah, es que tengo el wifi apagado""",Wed Aug 24 19:27:21 +0000 2016,es,N
7.68562E+17,212366960,"@Paco_Jone Qué fácil es quedarse calladito, bajarse los pantalones y no decir ni mú... Cuánta ignorancia en tu ""opinión"". Saludos",Wed Aug 24 21:31:55 +0000 2016,es,N
7.68559E+17,69349912,"@serbailop Totalmente. Aunque la post-tertulia ha sido muy interesante, hablando de todo esto, y la evolución (e involuciones) del cine",Wed Aug 24 21:21:41 +0000 2016,es,P
7.68566E+17,2707067045,"@sosagraphs Pues tan sencillo porque en su día me puse a hacerlo y es de lo que mas encargos me hacen, aparte tengo mas estilos crack",Wed Aug 24 21:48:18 +0000 2016,es,P
7.68468E+17,2651795971,@elapersw buenas tardes! Se puede pasar?,Wed Aug 24 15:18:40 +0000 2016,es,NONE
7.68529E+17,2310779545,"@SirDeschain @ChicaCascabel @reptarazul más bien tas tenía aprecio por raistlin, yo creo que al mago le daba un poco igual todo",Wed Aug 24 19:21:37 +0000 2016,es,N
7.68528E+17,311621119,"@Asukawachan Gracias  ya me pasó una vez y los antibióticos fueron milagrosos, estoy deseando que vuelva mi madre con ellos",Wed Aug 24 19:20:00 +0000 2016,es,P
7.68523E+17,14919788,@amartino @yagoperrin los dos amigos menos quejicas que tengo,Wed Aug 24 18:59:46 +0000 2016,es,P
7.68546E+17,69349912,"Eso sí, demasiada sobredosis de guiños, cameos, homenajes, frases y planos repetidos de la original. Pero bueno, se acepta",Wed Aug 24 20:31:09 +0000 2016,es,NEU
7.6859E+17,257669392,@carlotalotalota Me apena que haya pasado esto porque la idea de crear un colectivo estatal con divisiones locales era algo poderoso,Wed Aug 24 23:23:20 +0000 2016,es,N
7.68585E+17,3338806163,"odio a lucia la vd, mi amor hacia ella es una gran tapadera pa comer nutella en su casa",Wed Aug 24 23:04:13 +0000 2016,es,N
7.68586E+17,406488316,@dovesandletters @SeveZubiri @Lady_Lolita @teleSURtv ese es Seve que se pone exquisito. Yo más de andar por casa (menos florida),Wed Aug 24 23:08:13 +0000 2016,es,NEU
7.68611E+17,2432050434,preparándome un colacao pa olvidarme de aquel bacalao...,Thu Aug 25 00:48:20 +0000 2016,es,NEU
7.68583E+17,61499019,gracioso bc en la película de Nunca apagues la luz utilizan luz negra y hoy he llegado a casa y han puesto uno en el baño,Wed Aug 24 22:56:45 +0000 2016,es,P
7.68583E+17,2792974576,nos lo habíamos encontrado y estaba asustado cruzando una carretera y al final nos hemos tenido que marchar sin él.,Wed Aug 24 22:55:23 +0000 2016,es,N
7.68556E+17,460225669,@PanchoGustavo tío peguemos al Lau Sigues teniendo mi primer grinder?,Wed Aug 24 21:09:08 +0000 2016,es,NONE
7.68531E+17,3184750456,"Buen partido a todos @overgame_org , suerte en la final de losers y a ver si nos volvemos a ver en la gran final. Saludo a esos casters",Wed Aug 24 19:32:16 +0000 2016,es,P
7.68531E+17,245414893,@levante_emv @valenciacf Un capullo menos en el Valencia. Si no esta al 100% con el Valencia lo mejor es venderlo.,Wed Aug 24 19:32:12 +0000 2016,es,N
7.68514E+17,326710697,Estoy muy nerviosa por el partido,Wed Aug 24 18:21:29 +0000 2016,es,NEU
7.68513E+17,16545501,"@olivares_javier Intentan salvar a Lincoln como Julián con Lorca... Aparte de que es una copia descarada de MdT, no se parecen en nada",Wed Aug 24 18:19:29 +0000 2016,es,N
7.6857E+17,3198338121,"Hey, @rebecarus, que me dice Amazon que ""Todas las bodas necesitan un plan B"" ya está cargado en mi Kindle. ¿Empiezo ya o qué?",Wed Aug 24 22:07:01 +0000 2016,es,NONE
7.68488E+17,7.17488E+17,"Voy a estar unos días desaparecida, me estoy quedando sin gigas jajajja  q vida + triste !!! Me voy al parque con los perros..",Wed Aug 24 16:39:36 +0000 2016,es,N
7.68506E+17,172438797,"@juliojota96 Perdóname la maldad, Julio, que sabes q te quiero, pero borrándose del AMI se combate al menos a los separatas",Wed Aug 24 17:53:19 +0000 2016,es,P
7.68494E+17,348590078,"Me he agobiado muchísimo porque no encontraba a mis amigos en el Bar, luego he recordado que no tengo amigos y me he puesto feliz",Wed Aug 24 17:05:32 +0000 2016,es,NEU
7.67473E+17,207544401,@peroquedicesss en realidad es hipócrita todo eso como la camiseta esa de femimism del hym pero creo que en la vida cotidiana algo hace,Sun Aug 21 21:26:53 +0000 2016,es,N
7.67693E+17,381691298,"@DTM_Spain En las carreras es al revés a más interés, más coches  ... pero tú mismo lo dices, es una empresa, aunque se venda ...",Mon Aug 22 11:59:43 +0000 2016,es,P
7.67725E+17,99989361,@sabrygarciarena Muy sexy Sabrina! Besitos y feliz día!,Mon Aug 22 14:08:13 +0000 2016,es,P
7.67752E+17,7.38014E+17,@__mxty Para cuando me escribes mi nombre bien precioso,Mon Aug 22 15:53:25 +0000 2016,es,N
7.67751E+17,4180911,"@Jabokatu yo no tengo ni idea y soy la primera que dice ""tiempo reglamentario""  pero en su día me convencieron de que estaba mal dicho.",Mon Aug 22 15:52:22 +0000 2016,es,N
7.68118E+17,47902687,"Si es que llegáis aquí desde mi Favstar del cretácico y claro, luego no me duráis ni un suspiro. Que mis neuronas no son como antes, jopé",Tue Aug 23 16:08:12 +0000 2016,es,N
7.68116E+17,636883030,En fin estoy más sola que la una viendo como una bollera duerme y esperando como un perrito pa q me saquen a pasear,Tue Aug 23 16:03:23 +0000 2016,es,N
7.68116E+17,88169175,"@mamarracha2000 yo los vi en el Low cost de hace 3 años y me decepcionaron, aunque dicen que lo mismo hacen una cagada o son la hostia",Tue Aug 23 16:01:18 +0000 2016,es,N
7.68142E+17,3318188008,Tengo una hermana que con ella no me puedo aburrir jaja creo que todas las gilipolleces las ha aprendido de mí. Es como una segunda Nicky,Tue Aug 23 17:46:32 +0000 2016,es,P
7.68046E+17,1017204980,"Preparando la maleta, proxima parada #huelva #fiestasconamigas",Tue Aug 23 11:23:46 +0000 2016,es,NONE
7.68105E+17,85183912,"@KatyKlav se siente, ya está dicho",Tue Aug 23 15:17:10 +0000 2016,es,NEU
7.68108E+17,1275699950,@ericelhumano a las lesbianas machorras y eso ya no lo veo bien de hecho lo malo de las pelis es que los suelen poner de personajes ...,Tue Aug 23 15:28:52 +0000 2016,es,N
7.68103E+17,131465556,@ranlemontralara estamos todos juntos en esto,Tue Aug 23 15:09:01 +0000 2016,es,NONE
7.68128E+17,2338697684,@AoDimi yo es que durante el verano y con la matricula hecha he cambiado de opinion. Quiero dar psicologia pero toca FP de infor,Tue Aug 23 16:49:37 +0000 2016,es,N
7.68128E+17,2308296264,"@MonchoYT @JonathanFaus2 estoy cansado ya de salir a la calle y que todo el mundo me para para hacer fotos, esta vida es muy dura",Tue Aug 23 16:49:14 +0000 2016,es,N
7.68126E+17,326469990,"@Mary___says no te voy a criticar por subir un video desagradable, pero te invito a que vayas a Cuba y te quedes un tiempo a ver que tal",Tue Aug 23 16:42:38 +0000 2016,es,N
7.68031E+17,802516920,"@Gabi_Herranz @KNekro La promocion solo es para los que no saben como gestionar un canal por si mismos al fin y al cabo, la via rapida",Tue Aug 23 10:24:56 +0000 2016,es,N
7.68093E+17,486365574,"@HormigaZYT Como sé que eres un flipado y no vas a cambiar, enmarca esos defib kills, así tienes el unico award que enseñar a @edureus94",Tue Aug 23 14:31:09 +0000 2016,es,N
7.68095E+17,212366960,Estoy preparando un montón de ideas muy chulas para el canal  poco a poco iremos subiendo el nivel y la calidad de los vídeos,Tue Aug 23 14:39:20 +0000 2016,es,P
7.67844E+17,539833012,"@agarzon por cierto, felicidades Gran noticia.",Mon Aug 22 21:59:54 +0000 2016,es,P
7.70331E+17,201435573,"@hyrulen @PartidoPACMA Claro, es que es muy común que en los pueblos no los tengan en pisos, los llevan a la huerta y los tienen solos",Mon Aug 29 18:43:46 +0000 2016,es,N
7.70333E+17,299298293,@Jorge_LBU estamos enamorados y a veces me hace daño porque se va a chupar culo de otras perras y no me dice nada  #crisis,Mon Aug 29 18:50:55 +0000 2016,es,N
7.70405E+17,352653718,"Por fin mis amigos me empiezan a visitar en mis destinos de trabajo, solo han tenido que pasar 5 años!!!! (Bueno en Guada tb tuve  )",Mon Aug 29 23:36:03 +0000 2016,es,P
7.70404E+17,1482872964,"@FaranduleroYo Jo  no me parece bien porque se va a ir Yessica a la primera, pero bueno al menos ha llegado al TOP8, no la esperaba aqui.",Mon Aug 29 23:32:44 +0000 2016,es,N
7.70399E+17,28350577,"@JohanaGonzalezD es la mejor y la peor a la vez. Yo la quiero de vuelta, no me la pueden quitar así con otro cuarto puesto en Río",Mon Aug 29 23:14:26 +0000 2016,es,N
7.70407E+17,241571676,"Hoy ha sido un día duro, y me he pillado un dedo con una puerta y me duele mucho  pero se me pasa sabiendo que mañana veo a @ManuDrugs",Mon Aug 29 23:45:22 +0000 2016,es,NEU
7.7038E+17,608347702,Lo borro y lo rehago,Mon Aug 29 21:56:07 +0000 2016,es,N
7.70379E+17,299067648,Es que es de los abiertos y no lo puedo llevar a clase porque no pudo dejarlo en el asiento que se cae todo,Mon Aug 29 21:54:22 +0000 2016,es,N
7.70369E+17,880137686,"Manuel Carrasco -Uno x Uno me gusta -Vale -Ok -ta luego maricarmen -no me gusta pero, vamos a decir que lo respeto -me se canciones",Mon Aug 29 21:13:18 +0000 2016,es,NONE
7.70417E+17,2731647527,No hay nada más bonito q separarse d una persona y q al tiempo t diga q t echa de menos... pero a mi no m va a pasar,Tue Aug 30 00:27:00 +0000 2016,es,NEU
7.70423E+17,880137686,Ojala yo presentándome para el concurso de shawn pero como vergonzosa se nace y  seguro que no me dejan participar pues aqui estoy,Tue Aug 30 00:47:12 +0000 2016,es,N
7.70438E+17,986350428,@camille_blonde_ @yasmi_mendeguia lo tengo desde los 14 años juntos 32 casados 30 y yo me derrito si se acerca y el se desvive por k este,Tue Aug 30 01:49:30 +0000 2016,es,P
7.70325E+17,310312250,"@cyboruga a mí me pasa a veces igual, prueba que te lo cambien o algo  es que a mi me lo cambiaron hará unos meses porque antes no iba NÁ",Mon Aug 29 18:18:31 +0000 2016,es,N
7.70314E+17,124915538,"@Javiturpeiro Tanto, que hace más de dos años ya que lo dejé y aún no me he atrevido a tener nada estable con nadie. Me da cosita...",Mon Aug 29 17:35:59 +0000 2016,es,N
7.69671E+17,270451088,@rushsmith se que no me vas a leer pero si pudieras decirme a que hora coges el ave mañana me harias muy feliz. No he podido verte hoy,Sat Aug 27 23:01:14 +0000 2016,es,N
7.6967E+17,270451088,@Currice se que no me vas a leer pero si pudieras decirme a que hora coges el ave mañana me harias muy feliz. No he podido verte hoy,Sat Aug 27 22:58:19 +0000 2016,es,N
7.6967E+17,270451088,@RoEnLaRed se que no me vas a leer pero si pudieras decirme a que hora coges el ave a mañana me harias muy feliz. No he podido verte hoy,Sat Aug 27 22:56:44 +0000 2016,es,N
7.69601E+17,327144487,"Y cada vez que lo digo no puedo evitar pensar que si no le hubiera ""prestado"" 650€ a ese, ya tendría una de puta madre  whatever",Sat Aug 27 18:23:13 +0000 2016,es,N
7.69974E+17,1381608996,"@MaiteCerezo @RenRiesgo a vosotros las manchas os quedan divinas y a mi me han potado un arcoiris en la cara con mucho odio, no es justo",Sun Aug 28 19:06:32 +0000 2016,es,N
7.70028E+17,306233352,@MigueZYT yo te felicitaria pero no me quedan caracteres en este tweet con lo cual lo siento mucho sera el año que viene  no te rayes bro,Sun Aug 28 22:41:06 +0000 2016,es,N
7.69635E+17,192283412,@AjaxAjaxcf no estoy convencido. P.e. Me gustaría ver a Cerny y Nouri en el 1r equipo y menos Gudelj y El Ghazi... Le doy tiempo.  (2/2),Sat Aug 27 20:36:52 +0000 2016,es,N
7.69613E+17,610156698,@imdariusb1tches es que que hacen tio,Sat Aug 27 19:08:26 +0000 2016,es,NEU
7.69987E+17,314723391,"@DavidArizaAbad buenas noches, David  un abrazo!",Sun Aug 28 19:57:41 +0000 2016,es,P
7.70991E+17,982317846,Estoy tan segura de que el exámen de mates va a ser el que hicimos de recuperación en el último trimestre al cual NADIE le sacó foto,Wed Aug 31 14:24:07 +0000 2016,es,NEU
7.7099E+17,85183912,"@ladykumaria tranquila, te seguimos queriendo igual",Wed Aug 31 14:23:02 +0000 2016,es,P
7.70988E+17,584939125,@imanbl_ el unico libro con el que me he echado foto ha sido con el de Yo antes de ti  pero porque el libro es especial!! Jajajaja,Wed Aug 31 14:12:00 +0000 2016,es,NEU
7.71002E+17,3391298271,Tenemos un presidente que es persona non grata d su ciudad @ahorapodemos nadie s lo va a recordar c una carretera d tercera leña al mono,Wed Aug 31 15:10:13 +0000 2016,es,N
7.71037E+17,3391298271,Los ministerios q os tienen a vosotros engañando maca conmigo tenías q dar @Rafa_Hernando q t iba a dar un baño así d paso t lavas l boca,Wed Aug 31 17:28:28 +0000 2016,es,N
7.71048E+17,2205008663,@OriannaSenpaii conmigo siemprw puedes hablar,Wed Aug 31 18:10:48 +0000 2016,es,P
7.70981E+17,384488120,"@LaPonyRosa nu , no sirve cualquiera  Lo probé hace poco para una app coreana y no me dejaba u^u por lo de la tarjeta de crédito",Wed Aug 31 13:44:58 +0000 2016,es,N
7.70972E+17,9188682,#ide el primer día de clase voy a proyectar una de estas fotografías y voy a pedir información sobre foto y autor A ver cómo resuelven,Wed Aug 31 13:09:03 +0000 2016,es,NONE
7.70977E+17,1256517446,@noseashetero 1000/10 de verdad a ti que voy a decir petarda que te quiero más que a mí mismo,Wed Aug 31 13:28:49 +0000 2016,es,P
7.71092E+17,278710239,@piscolabisaereo @HistoriaNG @SPosteguillo las tengo pero aún no las he leído. Caerán prontito,Wed Aug 31 21:08:54 +0000 2016,es,P
7.71092E+17,251015071,"Al final han sido 3h  Bueno, mañana tengo fiesta así que.. No me quejo",Wed Aug 31 21:07:40 +0000 2016,es,P
7.71092E+17,888911822,@Jorge_Ruiz14 yo no tengo tiempo para esas cosas ahora mismo,Wed Aug 31 21:07:30 +0000 2016,es,N
7.71094E+17,1262524591,@_MissChaotic_ ves ese brillo? es un coso que hace que se sepan a kk,Wed Aug 31 21:15:56 +0000 2016,es,N
7.71117E+17,374596773,Tengo una perrina adorable... Sabéis que me acompaña hasta la a habitación cuando me voy a dormir?,Wed Aug 31 22:46:23 +0000 2016,es,P
7.71115E+17,186276052,"@juankipua Es que en el Ojeando el año pasado tampoco, tiene muchas canciones ya jajajajaja",Wed Aug 31 22:39:54 +0000 2016,es,NEU
7.71118E+17,1422744511,"entre odio día tras día, la muerte de su hermana, la muerte de su amiga, el divorcio de sus padres cuando era pequeña, el lupus, etc",Wed Aug 31 22:51:21 +0000 2016,es,N
7.71119E+17,2586416774,"Bueno, estoy en la batalla final del Conquista y ya después me faltaría Revelación",Wed Aug 31 22:53:15 +0000 2016,es,NONE
7.70551E+17,72516869,@CondeDuqueMAD ¿mañana sábado 31? En que día vives?  Mañana es miércoles 31.,Tue Aug 30 09:16:29 +0000 2016,es,NONE
7.7055E+17,2862498098,he soñado una cosa muy rara con los personajes de PLL y luego como que estaba en la real life y conocia a Shay y a Lucy y y y,Tue Aug 30 09:15:02 +0000 2016,es,N
7.7055E+17,1706871253,"@agcasti y el caminante ante el mar de niebla, uno de mis cuadros favoritos en portada",Tue Aug 30 09:12:58 +0000 2016,es,P
7.70549E+17,28098659,@vitojph ¡sí! Y me ha encantado  ¿Tú ya las visto? ¿Cuándo comentamos?,Tue Aug 30 09:11:03 +0000 2016,es,P
7.70559E+17,3293916292,@aladroqe Se me olvidaban los grandes @2qblog y @estapillao ! A ver si os interesa es hilillo,Tue Aug 30 09:48:22 +0000 2016,es,NONE
7.70559E+17,896065934,"@pendragoncillo Mejor si pones un link a la cuenta, me ha costado encontrarte..",Tue Aug 30 09:47:47 +0000 2016,es,N
7.70555E+17,2740308288,@Majoras_Mark Por?  Tenía pensado verla después de la segunda de Daredevil,Tue Aug 30 09:34:47 +0000 2016,es,NONE
7.70555E+17,311064777,"@SoofRawr + ni el de al lado, la ""manita"" que usas para que se vea como más negro",Tue Aug 30 09:33:03 +0000 2016,es,NONE
7.70528E+17,512535423,Llevo despierto desde las 8 porque un puto mosquito estaba volando en mi puta oreja y,Tue Aug 30 07:44:50 +0000 2016,es,N
7.70522E+17,208742498,@ArchivoSGAE Qué estupendo. Y... ¿cómo os lo encargo?  ¿Es la estupendísima versión de Barce..?,Tue Aug 30 07:20:59 +0000 2016,es,P
7.70471E+17,218152672,Cosas que enamora las tostadas calentitas a estas horas de la mañana,Tue Aug 30 03:59:28 +0000 2016,es,P
7.70545E+17,515846375,"Hola buenos días, me he dormido a las 5 y algo y me acabo de despertar y se me ha ido el sueño",Tue Aug 30 08:52:29 +0000 2016,es,P
7.7056E+17,15915569,@omixam no creo que hayan diseñado una tipo propia,Tue Aug 30 09:54:09 +0000 2016,es,N
7.69977E+17,1256729520,@perriestheory sabes que en 2012 o 13 tenía una novela de mierda en la que perrie era mala,Sun Aug 28 19:17:44 +0000 2016,es,N
7.69979E+17,562175156,@CarlosSadness en ninguna porque no te he visto en directo  concierto en madrid pronto pls,Sun Aug 28 19:26:06 +0000 2016,es,NEU
7.70057E+17,454014601,@uravity_ lo se pero tengo la esperanza de que en realidad sea un personaje mucho mas oscuro,Mon Aug 29 00:34:47 +0000 2016,es,N
7.70057E+17,2958575685,Pa una vez que me pongo a ver películas con un amigo y se queda dormido,Mon Aug 29 00:32:55 +0000 2016,es,N
7.70059E+17,4864604494,"@Hanita_chan nfin, no puede ser peor que un minikayato Clauyato is real",Mon Aug 29 00:43:46 +0000 2016,es,N
7.70053E+17,474314058,@KharanosGame Que Kinox no me quiere   zi yo zoy buena perzona,Mon Aug 29 00:18:45 +0000 2016,es,N
7.70033E+17,457959174,"Este viernes iré al cine a ver #NoRespires para celebrar mi cumple. Por cierto, no estáis invitados",Sun Aug 28 22:58:24 +0000 2016,es,NEU
7.70221E+17,396551618,"Podríamos empezar septiembre desde el día tres, no sé, estaría guay",Mon Aug 29 11:26:58 +0000 2016,es,P
7.70221E+17,460400746,y lo peor de todo es que funcionaba maldita Jaco como te quiero,Mon Aug 29 11:24:55 +0000 2016,es,NEU
7.70219E+17,507751343,aqui fardando de que soy vegano desde hace 2 dias con mis amigos de tuiter!,Mon Aug 29 11:19:30 +0000 2016,es,P
7.70188E+17,1089287299,@MisfitStormer pues hay gente así de mala por el mundo,Mon Aug 29 09:13:12 +0000 2016,es,N
7.70224E+17,377411023,@Mentestropeada Atraigo por los dos lados es un problema duro,Mon Aug 29 11:38:03 +0000 2016,es,N
7.70222E+17,461478284,@YG__GF me ofrecería pero gerald es demasiado lindo,Mon Aug 29 11:31:32 +0000 2016,es,NEU
7.70238E+17,83356563,@baad_news es dirección de proyectos en empresas audiovisuales,Mon Aug 29 12:34:54 +0000 2016,es,NONE
7.70238E+17,4910737113,Como destrozaba el puto movil ahora mismo,Mon Aug 29 12:34:04 +0000 2016,es,N
7.70238E+17,2793876494,#DiaDelVideojuegoHC por todas esas grandes tardes que nos hacen pasar y las que pasaran!,Mon Aug 29 12:33:21 +0000 2016,es,P
7.70237E+17,1350566000,"@DarkGiirI que va tía, muchos son viejos de mi madre, otros del chino. Los que me encantan y me estoy comprando son los del Kiko",Mon Aug 29 12:30:39 +0000 2016,es,P
7.70237E+17,2215991034,Parece que hasta mañana no podré catar el madden. Hoy no habra directo,Mon Aug 29 12:28:47 +0000 2016,es,N
7.70242E+17,223439685,Mi compañero de trabajo será mi futuro marido... que pena que no lo sepa,Mon Aug 29 12:50:53 +0000 2016,es,N
7.70216E+17,133455018,@Reporte24ES @LaVerdad24ES fallecido hace meses. Hay q contrastar.,Mon Aug 29 11:04:29 +0000 2016,es,N
7.70214E+17,362997310,@Yore89 necesito mi ración de atención diaria que si no no mantengo la autoestima,Mon Aug 29 11:00:15 +0000 2016,es,N
7.70202E+17,260905241,De verda soi tan lameculos,Mon Aug 29 10:10:09 +0000 2016,es,N
7.70201E+17,2851027833,"@CristyStruky Gracias por dar a ""Me gusta"" a nuestros tweets  ¿que tal? ¿estás trabajando Cristina?",Mon Aug 29 10:07:12 +0000 2016,es,P
7.70267E+17,3823122076,@Club_Ratoncito Nuestros niños no andaban de lo más animado con eso de que se acaban las vacaciones...,Mon Aug 29 14:30:53 +0000 2016,es,N
7.70266E+17,85183912,@vivanlospipis ser es muy malo pero bueno te salvas porque te queremos igual,Mon Aug 29 14:25:05 +0000 2016,es,P
7.70271E+17,177274124,Pero solo cojo 5 días porque me cambio de curro y,Mon Aug 29 14:43:02 +0000 2016,es,NEU
7.7027E+17,216390087,"@cduranestany Es que se lee cada cosa , menos mal que a ese lo deje de seguir cuando terminó la temporada pasada .Mi salud es lo primero",Mon Aug 29 14:42:45 +0000 2016,es,N
7.7027E+17,2384268739,"@dorysmemories Yo también me lo imaginaba así! También soy de las que creen que el casting es buenísimo, al menos yo estoy contenta",Mon Aug 29 14:39:36 +0000 2016,es,P
7.70269E+17,305708501,Despues de trabajar duro me merezco mis caprichos,Mon Aug 29 14:38:36 +0000 2016,es,P
7.70263E+17,154979543,@LorasTyrellSer Yo también te puse algo bonito. Cuanto desprecio,Mon Aug 29 14:11:21 +0000 2016,es,NEU
7.70273E+17,567265115,No encuentro el mando de la tele y me estoy poniendo nerviosita,Mon Aug 29 14:50:49 +0000 2016,es,N
7.70246E+17,2920144635,Lo mejor de estar ya en Málaga es poder ir a ver Escuadrón Suicida esta tarde,Mon Aug 29 13:05:46 +0000 2016,es,P
7.70178E+17,161227542,"@LaFeaDelBaile insoportable? Eso es lo que tú dices  Ya nos contarás, espero que vaya todo genial",Mon Aug 29 08:36:11 +0000 2016,es,P
7.70174E+17,1165362025,@toniroldanm y por cierto el respeto (y en mi caso admiración) es mutuo,Mon Aug 29 08:19:26 +0000 2016,es,P
7.70173E+17,159503621,@CainQ yo he subido una en gayumbos hace nada. Qué poco me lees paisana @Ichabod1880,Mon Aug 29 08:16:29 +0000 2016,es,N
7.70282E+17,4822669767,@EskizoSirenita hay que ser mala persiana para quitarte esa diversion,Mon Aug 29 15:27:00 +0000 2016,es,N
7.70282E+17,184804512,"@LoretoBazo Stranger y Mr. Robot ya las he visto, pero eres la segunda que me recomienda The get down, así que a por ella voy, gracias!",Mon Aug 29 15:26:43 +0000 2016,es,P
7.70281E+17,285319032,@myvidaconlibros ¿verdad que sí? Yo también me quité un gran peso de encima,Mon Aug 29 15:25:28 +0000 2016,es,P
7.70281E+17,87659574,"@cardinaleconnor Mañana no :(, pero seguro que hay gente buena  @cuatro @mananascuatro",Mon Aug 29 15:25:17 +0000 2016,es,NEU
7.70278E+17,4798046433,"@DeathManu94 @piercetheidiot ya lo sé, pobre Uno  Te acompaño en los feels",Mon Aug 29 15:11:26 +0000 2016,es,N
7.70288E+17,895490240,@_anarKopunK_ @jkarlos1998HD y aún así estoy en el campo   y l edición coleccionista tengo que acabar de pagarla,Mon Aug 29 15:50:49 +0000 2016,es,N
7.70283E+17,43502365,me mantengo optimista pero se me hace difícil a veces de verdad,Mon Aug 29 15:34:26 +0000 2016,es,N
7.70288E+17,2384268739,@tachina @EW @Outlander_STARZ Sí! Yo creo que vamos a acabar muuuuuuuuy contentas,Mon Aug 29 15:52:35 +0000 2016,es,P
7.70209E+17,1367129119,"Vale entiendo, no he estado rápido en la bajada, pero hay es donde habría que haber entrado @ivanovlaguna",Mon Aug 29 10:36:42 +0000 2016,es,N
7.70208E+17,786915956,"@GxDRadioGalega Correcció ""Nin se nos pasa pola cabeza NON ser segundos"".",Mon Aug 29 10:34:50 +0000 2016,es,NONE
7.70205E+17,1022631624,Ha muerto mi profesora de volumen/escultura y en serio que bajonazo,Mon Aug 29 10:21:40 +0000 2016,es,N
7.7025E+17,549160513,"Haces que se vaya mi melancolía, me devuelves de nuevo a la vida",Mon Aug 29 13:22:21 +0000 2016,es,P
7.70249E+17,400769863,@Sakura1474 tia que estoy a punto de acabar la novena voy con retraso,Mon Aug 29 13:18:50 +0000 2016,es,N
7.70234E+17,4409162783,@Madridonasangre yo acabo de aportar mi pequeña contribución. Te sientes tan bien!,Mon Aug 29 12:18:51 +0000 2016,es,P
7.70233E+17,270624733,@dfresneda_UNED pues la aludida ...y yo mismo...sí...Buen día,Mon Aug 29 12:13:44 +0000 2016,es,NONE
7.70231E+17,309690391,Hoy una mosca no me dejó dormir y me cago en su puta vida,Mon Aug 29 12:07:16 +0000 2016,es,N
7.70231E+17,15060881,"@Aldepadorio es un gran, gran tipo  @cesarmuela",Mon Aug 29 12:05:35 +0000 2016,es,P
7.70249E+17,1062827514,@FraanBMJ pero entiende que era nuestro sueño  además cuando la vi creo que estábamos en 5 de primaria o algo así,Mon Aug 29 13:17:12 +0000 2016,es,NEU
7.70249E+17,2225135994,@Yuremonplsxd @PequeChikane Aquí habemos  me he saturado al leer eso idnwhy,Mon Aug 29 13:16:09 +0000 2016,es,N
7.70248E+17,551048353,"@Jorge_LBU Espero que te mejores pronto, vomitar es muy desagradable",Mon Aug 29 13:14:52 +0000 2016,es,N
7.70248E+17,787271700,la chancla representa el asco y lo muy harta que está mi madre de aquí la menda,Mon Aug 29 13:12:12 +0000 2016,es,N
7.70253E+17,309584932,"Hola @xabyjordi gracias por la información, tomamos nota  Qué tengas un buen día",Mon Aug 29 13:33:29 +0000 2016,es,P
7.70255E+17,1628806272,"@TheFuzzCanyon gracias por etiquetarme, pero no suelo hacer estas cosas",Mon Aug 29 13:40:38 +0000 2016,es,NEU
7.70255E+17,2982540413,@KikeMlaga @sanchezcastejon ¿Socialistas honrados? Esto es un oxímoron.,Mon Aug 29 13:40:12 +0000 2016,es,N
7.70258E+17,185122153,"que le pasa a mi tumblrr se ha vuelto extraño, no sale la musica",Mon Aug 29 13:53:08 +0000 2016,es,N
7.70257E+17,802516920,"Cada uno que busque sus mecanicas, pero que lo haga rapido antes de morir y eso",Mon Aug 29 13:51:12 +0000 2016,es,N
7.70228E+17,381691298,"@suomijon @chemiF1 @WinfieldF1 ... bien pienso que tú te enquistas en temas secundarios sin ver ""toda la película"".",Mon Aug 29 11:55:45 +0000 2016,es,N
7.70228E+17,3428993337,Ojalá alguien llamandome bonito o precioso  sad,Mon Aug 29 11:55:33 +0000 2016,es,N
7.69975E+17,7.09174E+17,@Sasnak95 @Muzska89 o hacemos presión social o esto no avanza,Sun Aug 28 19:09:45 +0000 2016,es,N
7.7005E+17,1286264556,@aIfonsofr no lo consigo  ayudame porfi que es super importante,Mon Aug 29 00:07:32 +0000 2016,es,N
7.70076E+17,184822483,"Despues de tener el combo perfecto pa sentirme como una mierda, a dormir",Mon Aug 29 01:49:28 +0000 2016,es,N
7.70075E+17,467888300,Necesito ver por lo menos una vez más a Riri para irme a dormir más conforme. ¿Por qué tienen que echar a estas horas la gala?  #VMAs,Mon Aug 29 01:45:56 +0000 2016,es,N
7.70049E+17,1979427878,"@OnSuicidio es una barbaridad de dinero, y aunque lo tuviera no puedo porque se contrata antes del show  -Noe",Mon Aug 29 00:01:22 +0000 2016,es,N
7.70077E+17,124915538,"@jose97angel ¿eliminada? Nooo, no la han eliminado. Pasó a la semifinal el otro día",Mon Aug 29 01:53:58 +0000 2016,es,P
7.70152E+17,207894256,@jonathanchacon te deseo muchísima suerte en tu próxima aventura tío,Mon Aug 29 06:51:15 +0000 2016,es,P
7.70152E+17,14953125,"@EduHdez7th @UDLP_Oficial Preciosa vista y gran resultado, enhorabuena",Mon Aug 29 06:51:01 +0000 2016,es,P
7.70136E+17,2323884182,"@_MrsCristina te amo, aunque parece que te has dormido cuando quedaban 5 o 6",Mon Aug 29 05:48:14 +0000 2016,es,NEU
7.70136E+17,266097818,@MataTweet @Alejandro_Novas jajajajaja. El All Bran es Pro!  Buenos días compis!,Mon Aug 29 05:48:07 +0000 2016,es,P
7.70025E+17,1148403932,De verdad desde que me puse las gafas moradas no soporto a ningún tío y,Sun Aug 28 22:29:11 +0000 2016,es,N
7.70025E+17,105536737,"El puente mas bonito de la constitución este año en Alicante 12,13 y 14 @zaharapop en directo y allí estaré",Sun Aug 28 22:27:50 +0000 2016,es,P
7.69982E+17,618901930,"@ce_roses Ouch, ya no llego, a ver si para la próxima si que puedo  un saludo",Sun Aug 28 19:35:44 +0000 2016,es,N
7.70023E+17,475209687,Aaaa aaa estoy tan cansada y me espera una semana tan horrible hasta el jueves que,Sun Aug 28 22:17:34 +0000 2016,es,N
7.70163E+17,375332625,"@Fourty35 Es este chisme, que no expresa los matices. No era la idea el elemento cortante.",Mon Aug 29 07:35:31 +0000 2016,es,N
7.70162E+17,1364151600,"Venga va hasta luego, solo he dormido 3 horas",Mon Aug 29 07:29:45 +0000 2016,es,N
7.70161E+17,300144063,"@Ronronia @MsLectora Uf, los freudianos! Vinieron a tomar café el miércoles y aquí los tengo aún,  acampados en el pasillo  Bon dia",Mon Aug 29 07:29:20 +0000 2016,es,NEU
7.7016E+17,1369238365,Un vibrador que nos estudia...se adapta a nuestras necesidades. Lo mejor del #Verano este #juguete inteligente https://t.co/VLgBuWnYX7,Mon Aug 29 07:24:55 +0000 2016,es,P
7.7016E+17,896065934,"@carlachan Ja ja, hay gente muy cansina, sobre todo a partir de cierta edad, paciencia...",Mon Aug 29 07:22:03 +0000 2016,es,N
7.70159E+17,295315026,"@emedemo holaaaa de origen vegetal  nunca nunca nunca de origen animal, buen día",Mon Aug 29 07:21:03 +0000 2016,es,NEU
7.70147E+17,238997607,"@gilthoniel_1987 Si estoy trabajando, con vistas eso sí. Buenos días!!",Mon Aug 29 06:32:07 +0000 2016,es,NEU
7.70143E+17,16736794,"@eenriquelopez era por troleaer, usar store data  valdría auqn tampoco sería preciso. #troll",Mon Aug 29 06:14:48 +0000 2016,es,NONE
7.70209E+17,527536230,oir a @KNekro  y a @G4G_Revenant que haran directos del wow pero no se acuerdan que el server lo mas seguro ni que vaya  jaja,Mon Aug 29 10:37:54 +0000 2016,es,N
7.70183E+17,1165362025,@ElnAlfaro Sí. En realidad no pensaba q fueran a recortar tanto. La querencia es mutua,Mon Aug 29 08:56:50 +0000 2016,es,NEU
7.70198E+17,215614178,"@lococamionero @pnique no, si pagar le pagaba bien, tranquilo",Mon Aug 29 09:54:54 +0000 2016,es,P
7.70213E+17,150776146,lo mejor de to es que me examino justo el dia de mi cumple pero bueno la vida,Mon Aug 29 10:52:48 +0000 2016,es,P
7.70739E+17,2254156004,"@alejandrosanmo @luisalisferrer Hay una historia escrita donde salen las mujeres, pero no es tan popular ni se estudia en las escuelas",Tue Aug 30 21:46:23 +0000 2016,es,N
7.70753E+17,237975413,"@Valenciazombi Genial! muchas gracias. Mi fanpage de FaceBook sigue activa también, aunque yo no entre",Tue Aug 30 22:39:55 +0000 2016,es,P
7.70752E+17,564946577,2. Si. Eres mi crush máximo aunque te considere de mis mejores amigos,Tue Aug 30 22:37:14 +0000 2016,es,P
7.70752E+17,3011948579,Digo yo que tengo mala memoria y mi vecino se ha tatuado el nombre de su mujer,Tue Aug 30 22:37:00 +0000 2016,es,NEU
7.70738E+17,398918011,@enriccortinhas Mil gracias por compartir Enric! Feliz noche,Tue Aug 30 21:40:27 +0000 2016,es,P
7.70738E+17,1007148799,@BrokenCr0ss_ Eres mi emo fav. Lo de emo es coña se que no lo eres. Quiero verte. Cantas muy bien maldito.,Tue Aug 30 21:39:32 +0000 2016,es,P
7.7077E+17,347380080,@IleniaGarcia @LauraHerreraCb @Caro96lina @LaraRMartin HAHAHAHHA MMM NOS VAMOS EN 2 semanas y no tenemos ni hotel Pa la primera noche,Tue Aug 30 23:46:21 +0000 2016,es,N
7.70768E+17,2438829115,@YumaRuchi sigue mejor que mi pelorizo  FeelsBadMan,Tue Aug 30 23:40:50 +0000 2016,es,N
7.70768E+17,576497457,Limo sadboy de mierda la vida es maravillosa,Tue Aug 30 23:39:31 +0000 2016,es,NEU
7.70734E+17,3011948579,"@marcasgz ufff ni te imaginas, y claro encima dándome golpes en la cabeza por mi sentido del humor",Tue Aug 30 21:25:23 +0000 2016,es,N
7.70734E+17,435287215,Aquí tenéis el segundo vídeo del día  14 días para tener PES 2017 y la demo de FIFA 17!! WUOUUOO https://t.co/8hh6Fu6kRB,Tue Aug 30 21:23:16 +0000 2016,es,P
7.70771E+17,515679053,en verdad me duele la vida recordar este momento porque fue tan bonito,Tue Aug 30 23:53:12 +0000 2016,es,N
7.70771E+17,7.36959E+17,"@CharlieSkelter ehhhhhhh ese no he sido yo, y lo digo muy en serio  hasta los cojones de que me roben mi puto identidad.",Tue Aug 30 23:51:34 +0000 2016,es,N
7.70771E+17,564608802,Que mal rollo da dormir sola diariamente en casa,Tue Aug 30 23:51:32 +0000 2016,es,N
7.70771E+17,880137686,Lo que ma el ser optimista que hay en mi (qUE LO HAY AUNQUE SEA MINÚSCULO) Lo que meno el hecho de no confiar  https://t.co/OafLkK91G2,Tue Aug 30 23:50:47 +0000 2016,es,NEU
7.70637E+17,41178978,Bueno ya tengo unos links guardados para el summer finale de pll  Espero que me funcionen hmm...,Tue Aug 30 15:00:35 +0000 2016,es,P
7.70637E+17,394840397,@Pedroner Pues deja de hacer en pervertido y de viciar y haz algo por tu vida,Tue Aug 30 14:58:49 +0000 2016,es,N
7.70722E+17,576570451,"Dicen que Twitch va mal hoy, pero aún así os pondré stream en 20 mins",Tue Aug 30 20:37:21 +0000 2016,es,NEU
7.70704E+17,13283,"@jjsaenzde A mí me haces un favor, encantado  @srtagalicia",Tue Aug 30 19:27:24 +0000 2016,es,P
7.70704E+17,459466570,@arturocaracuel @javifontalba @joaquinito71 @desmarquemalaga el.partido estaba pa Lugano,Tue Aug 30 19:25:01 +0000 2016,es,NEU
7.70706E+17,314723391,@manueljorgegh @RLloria gracias  feliz noche a ambos!,Tue Aug 30 19:33:06 +0000 2016,es,P
7.70706E+17,1709594539,"Necesito dos rodamientos, Marcos mañana traemelos porfa",Tue Aug 30 19:32:13 +0000 2016,es,NONE
7.70703E+17,5653732,@lantoli podemos usar el término.equipo pepino,Tue Aug 30 19:20:41 +0000 2016,es,NEU
7.70702E+17,50968743,@GermanDZ @jmbeas @CarlosTheSailor @penguinjournals Yo creo que el consumo cerebral es inversamente proporcional a su uso,Tue Aug 30 19:19:09 +0000 2016,es,NEU
7.70702E+17,446120051,"Tengo poco dinero y poco nivel (nivel 6 bitches). Así que nada de historia, farmear y contratos a muerte",Tue Aug 30 19:16:55 +0000 2016,es,N
7.70701E+17,70563348,@ranoeldelbar @HacheFilardi @Noel_PI Claro claro! Buscamos justo los otros,Tue Aug 30 19:12:52 +0000 2016,es,NONE
7.70701E+17,80095461,"@mividaaburrida @juanpabloraba por dios que guapo sale, que pena que en españa supongo que no saldrá",Tue Aug 30 19:12:00 +0000 2016,es,NEU
7.70699E+17,208646592,"@Soukron si mi salón de 25m pasará a ser de 50… igual si, pero para mí caso ahora mismo, ideal",Tue Aug 30 19:05:27 +0000 2016,es,P
7.70726E+17,1697310314,"¡Eh @rccelta_oficial, #GuidettiNoSeVende! Pero entre nosotros... Si lo vendéis, mandarlo para Valencia eh  #AmuntValencia #HalaCelta",Tue Aug 30 20:53:02 +0000 2016,es,P
7.70726E+17,92969811,@ricki33_ me quedo con la tónic ya sabes que soy un clásico,Tue Aug 30 20:51:35 +0000 2016,es,P
7.70726E+17,2174494290,"@whoscabello Es que es verdad, prefiero mil veces que estea sana que ir a verla al concierto y que se encuentre mal",Tue Aug 30 20:51:05 +0000 2016,es,NEU
7.70639E+17,3632726236,"@LaQueSoySiempre @ealbaga Por desgracia vende más  ,riñas,trifulcas,peleas,al cuello!! mátalo!!",Tue Aug 30 15:09:01 +0000 2016,es,N
7.70624E+17,177686762,"@SoRaRaP eso sería más propio de ellos, yo no me ensucio las manos con personas dependientes",Tue Aug 30 14:07:45 +0000 2016,es,N
7.70645E+17,3632726236,"@LaQueSoySiempre Te comprendo,dominar y anular como haces tú conmigo al HABLARME en voz ALTA,ok",Tue Aug 30 15:30:15 +0000 2016,es,N
7.70641E+17,204720622,"@GemitaKbyos ¡Enhorabuena! Eres la ganadora del sorteo,escríbenos por mensaje privado para darte el premio",Tue Aug 30 15:16:59 +0000 2016,es,P
7.70641E+17,204720622,"@AitanaZD ¡Enhorabuena! Eres la ganadora del sorteo,escríbenos por mensaje privado para darte el premio",Tue Aug 30 15:16:25 +0000 2016,es,P
7.70678E+17,70563348,"@Noel_PI habrá, pero no conozco y tb habrá mucha etimología popular falsa... El Wiktionary para mirar uno por uno va bastante bien",Tue Aug 30 17:42:58 +0000 2016,es,NEU
7.70677E+17,203490924,"@xladyoflight claro que sí, París merece mil visitas",Tue Aug 30 17:39:25 +0000 2016,es,P
7.70655E+17,2989751283,.@FestivalGigante vamos a estar desde primera hora viendo a @GoleYaika y @SonogramaGrupo pero son bienvenidas alternativas emergentes!,Tue Aug 30 16:08:45 +0000 2016,es,P
7.70654E+17,3064709537,@Safreeoficial y pfff...tambien la gente me caia genial..y me da muchisima pena,Tue Aug 30 16:08:02 +0000 2016,es,N
7.70681E+17,1899680774,La persona vale para algo. Otra cosa es que no te creas lo maravilloso y ese arte que puedes desplegar..fingelo hasta que se exprese.,Tue Aug 30 17:52:14 +0000 2016,es,P
7.7068E+17,577042077,"@pmklose Le conocí en 2011, me pareció inteligente, respetuoso y respetable, pero combativo, si...",Tue Aug 30 17:50:43 +0000 2016,es,P
7.70688E+17,106488518,@cartoblasto @mrobaina @uby77 no seas malo  se pide sobre PIB  déficit 4% es 40.000 millones gastados + que ingresados jaja,Tue Aug 30 18:21:03 +0000 2016,es,N
7.70688E+17,2225135994,@AliceDesuDesu Legion>Novia? Lo bonito es Legión + novia en el pack  asi juegas con ella.,Tue Aug 30 18:20:38 +0000 2016,es,P
7.70625E+17,292989037,@RaulVCF__ ya y asi se va a quedar hasta que encuentre una de villa nueva en calidad,Tue Aug 30 14:09:59 +0000 2016,es,N
7.70684E+17,2993226453,"Doght es amable,Doght es cariñoso,todos quieren un Doght,disponibles,en ninguna parte",Tue Aug 30 18:06:55 +0000 2016,es,NEU
7.70683E+17,154496836,@albertbru una especie de Titanic pero en versión cutre no?,Tue Aug 30 18:02:49 +0000 2016,es,N
7.7069E+17,175747383,15. No me gusta el término  16. Meh 17. Depende de qué 18. No 19 Un perrete prechiocho 20. No 21. No 22. El año pasado,Tue Aug 30 18:28:55 +0000 2016,es,NONE
7.70689E+17,584939125,"@maaryamxd le doy a me gusta como fuera Rt ya que tu cuenta es privada,vale?",Tue Aug 30 18:27:35 +0000 2016,es,NONE
7.70689E+17,54015280,@xtrelok pero del practico ya? No me dijiste que hacías prácticas.,Tue Aug 30 18:26:40 +0000 2016,es,N
7.70708E+17,314723391,@jimena9011 @JM_VelascoG muchas gracias! feliz noche a ambos,Tue Aug 30 19:40:43 +0000 2016,es,P
7.70708E+17,70563348,"@SiMeLaTarareas @HacheFilardi @Noel_PI sí, los epónimos!  como ""rebeca"" también",Tue Aug 30 19:40:11 +0000 2016,es,NONE
7.70711E+17,1375143458,"@magoangelESP mago dejaras el vídeo subido en youtube, es que ahora no lo puedo ver",Tue Aug 30 19:51:48 +0000 2016,es,NEU
7.70683E+17,115032742,@BorjaCastejon Llévales bibliografía! La evidencia en educación médica existe,Tue Aug 30 18:00:22 +0000 2016,es,N
7.70711E+17,2201823957,"Si papá vas a regalar mi piano, tranquilo que te dejo, no te preocupes",Tue Aug 30 19:52:33 +0000 2016,es,P
7.70658E+17,310312250,@ShiyuuTeikoku @__Frostmourne__ y ojo no les nombres el HSM que se ponen todo dignos,Tue Aug 30 16:22:25 +0000 2016,es,N
7.70658E+17,584939125,Me retuitea gente que no conozco y sus amigos no tiene los mensajes abiertos y no sé que haser,Tue Aug 30 16:22:00 +0000 2016,es,N
7.70657E+17,129025914,@esther_trota Espero que te guste  Escocia es precioso!,Tue Aug 30 16:19:27 +0000 2016,es,P
7.7072E+17,779729,@lonchbox @ipatri @Joan_Artes @martasimonet @malabache @YouTube el dulce de leche hizo mucho daño,Tue Aug 30 20:29:25 +0000 2016,es,N
7.7072E+17,383934387,@Aitorek @ArvenLoL yo ya en eso no me meto  sacar las cosas de contexto y llevarlas a tu terreno es algo diferente,Tue Aug 30 20:28:37 +0000 2016,es,N
7.70719E+17,14571947,"@_rvng En Castalla (Alicante) muy oportunamente, a primeros de mes celebran sus fiestas de Moros i Cristians i todos están de fiesta!",Tue Aug 30 20:23:34 +0000 2016,es,P
7.70718E+17,314723391,"@MonicaRuedats gracias, Mónica! feliz noche, guapa",Tue Aug 30 20:20:50 +0000 2016,es,P
7.70717E+17,2174380788,Encantado @juanl_cruz  estás siempre bienvenido. Espero visitaros en Málaga antes,Tue Aug 30 20:17:42 +0000 2016,es,P
7.70755E+17,165084692,@Maleski ¿Y a tu agente del CNI no le deseas buena noche? Pobre.,Tue Aug 30 22:48:03 +0000 2016,es,N
7.7072E+17,249835984,@AngryCharlio ostia... jugaba a uno de los primeros en la SNES en japonés!! Y lo jodido es que lo acabé  Me encantaban estos juegos!,Tue Aug 30 20:30:45 +0000 2016,es,P
7.70713E+17,442100979,@Pablogorrito @Yulian_Poe Vale me san confundio los oido  hacía mucho que no escuchaba el cara al sol JAJAJA,Tue Aug 30 20:01:56 +0000 2016,es,N
7.70712E+17,28350577,"@Suli22 ni siquiera llegué para ver las competiciones de Río en directo, solo las barras asimétricas de Aliya",Tue Aug 30 19:58:29 +0000 2016,es,N
7.70714E+17,50968743,"@ialcazar @CarlosTheSailor @kinisoftware @tolivern Ah! No se, yo uso sickrage que no entiende de divisiones",Tue Aug 30 20:05:44 +0000 2016,es,NONE
7.70716E+17,442100979,"@Pablogorrito @Pablo_VzP No sabe a mierda, está muy buena",Tue Aug 30 20:12:00 +0000 2016,es,P
7.70715E+17,208646592,"@Tokpelotas @Carlbozal +1 y coincido, no imaginaba que el 4k se notaría tanto a esas distancias. Pensando en pasar a Netflix UHD",Tue Aug 30 20:10:05 +0000 2016,es,P
7.70712E+17,131465556,@BornToBeJuan lo siento Juan ya sabes que soy hetero,Tue Aug 30 19:55:56 +0000 2016,es,N
7.70712E+17,410244727,@thorelvasco @PabloGenis yo no me tiro pedos soy un princeso,Tue Aug 30 19:55:49 +0000 2016,es,NONE
7.70711E+17,984312192,Mi móvil no me deja abrir los grupos y tengo unos 600 mensajes así de regalo,Tue Aug 30 19:54:53 +0000 2016,es,N
7.70657E+17,129025914,"@GinaSieben Pues sí, es precioso como bien puedes ver en el vídeo",Tue Aug 30 16:17:17 +0000 2016,es,P
7.70668E+17,221817410,"@mtscano veo ahora mismo más fácil el sí del PNV mañana, ha dejado clarito lo que piensa del diálogo aquí",Tue Aug 30 17:02:20 +0000 2016,es,NEU
7.70668E+17,216390087,"@johnny21es Bueno, me piro a la piscina , que hace un día estupendo",Tue Aug 30 17:00:26 +0000 2016,es,P
7.7067E+17,1165362025,@aparachiqui @kikollan tu suma a una semana de verte abocado a elecciones,Tue Aug 30 17:12:08 +0000 2016,es,NEU
7.7067E+17,311095075,Isco con Juande no seria titular y lo sabeis... al mister le van mas los Tissones...,Tue Aug 30 17:11:46 +0000 2016,es,N
7.70628E+17,884292296,"Esto de salir a en punto de casa, y que el bus tarde 10 min en llegar, y vaya muuuuuuy tranquilo no me gusta. Eh?",Tue Aug 30 14:21:29 +0000 2016,es,N
7.7067E+17,255588210,@offerrall @DarksDiego997 se puede hacer directo desde la ps4 sin capturadora,Tue Aug 30 17:10:42 +0000 2016,es,NONE
7.70669E+17,615002402,Me meo con las voces españolas  encima pronuncian Raven como /raiven/ en vez de /reiven/.,Tue Aug 30 17:07:33 +0000 2016,es,N
7.70674E+17,70563348,"@Noel_PI Y Noel significa Navideño, pedo también lo asumimos. Pero alguien lo tuvo que poner por primera vez",Tue Aug 30 17:25:51 +0000 2016,es,NONE
7.70694E+17,2976741041,"tengo muchas ganas de mimitos, y sabia que pasaria y ahora pos a ser fuerte o algo",Tue Aug 30 18:45:40 +0000 2016,es,N
7.70667E+17,1284277963,la verdadera eriichii me hubiera dado besitos SO MARRANA,Tue Aug 30 16:58:05 +0000 2016,es,N
7.70667E+17,124915538,"@hectorboigues ay, pues gracias... Al menos tú sí lo ves como algo ingenioso... Ayer me dijeron que tenía un insufrible sarcasmo ácido",Tue Aug 30 16:58:00 +0000 2016,es,NEU
7.70696E+17,584939125,@Nadieelosabe Vale vuelvo a preguntar. No sabia no que te siguiera,Tue Aug 30 18:53:45 +0000 2016,es,NONE
7.70696E+17,117104271,@SEGAFORLIFE es la feria de mi tierra  Solo espero que sea un éxito y ser un gran anfitrión,Tue Aug 30 18:52:30 +0000 2016,es,P
7.7063E+17,225489521,"@HCFanego @almoregan Gracias, tú también  Por cierto, vete rellenando la bodega, que el 17 estoy allí",Tue Aug 30 14:29:58 +0000 2016,es,P
7.70628E+17,204720622,"@mercesori @clicfox ¡Enhorabuena! Eres la ganadora del sorteo,escríbenos por mensaje privado para darte el descuento",Tue Aug 30 14:25:20 +0000 2016,es,P
7.70758E+17,44364758,"@Sara_Bouvier nada, yo por lo menos cuando compré la guitarra eléctrica me salió muy parecido a sí la hubiese comprado en Thomann",Tue Aug 30 23:00:47 +0000 2016,es,NEU
7.70757E+17,446120051,"Un poquito de Ministerio del Tiempo y a dormir, que mañana hay que hacer muchas cosas Bona nit",Tue Aug 30 22:57:28 +0000 2016,es,P
7.7076E+17,1857541453,"@SonrieXRIZ ya  Si algún día soy rica te llevo conmigo a verlo a donde sea, promesita",Tue Aug 30 23:08:14 +0000 2016,es,P
7.70759E+17,2513096053,"No, no. Ya no te quiero, me declaro soltera a partir de ahora, me has hecho daño  @carjudi6",Tue Aug 30 23:05:45 +0000 2016,es,N
7.70784E+17,319057162,@imconnorstruck mi corazón dejó de palpitar como una papa frita cuando empezó el capítulo  #PLLSummerFinale,Wed Aug 31 00:44:53 +0000 2016,es,NEU
7.70662E+17,556388075,Lo mejor de todo...la felicidad felices porque pronto veremos la boda de JP… https://t.co/RXtpPrcVe7,Tue Aug 30 16:37:58 +0000 2016,es,P
7.70647E+17,716706092,@forbaltihood De nada jo a veces solo hace falta esperar y tener paciencia,Tue Aug 30 15:37:59 +0000 2016,es,P
7.70646E+17,113874203,@Haplo_Schaffer Lo mejor son sus amiguitos defendiéndole diciéndome a mí que pase página cuando es él el que no me deja en paz,Tue Aug 30 15:36:18 +0000 2016,es,N
7.70646E+17,550218856,"@BubblesaurTV eso es lo peor de todo, de verdad, no se cómo no les da vergüenza, me dan ganas de llorar",Tue Aug 30 15:35:23 +0000 2016,es,N
7.70648E+17,235368183,@CheeseLena_ emberdá mis dibujos del paint son mejores,Tue Aug 30 15:44:27 +0000 2016,es,N
7.70643E+17,221817410,@plcido_vzquez @cultrun creo que duran más que tantos amores eternos,Tue Aug 30 15:24:05 +0000 2016,es,NEU
7.70666E+17,124915538,"@hectorboigues a preguntas mediocres, respuestas ingeniosas...",Tue Aug 30 16:54:21 +0000 2016,es,N
7.70665E+17,313205473,"@lorzagirl oye, que mi madre se le cortó la leche  y mirame, 1,85 XD, aunque algo enfermizo de pequeño. Ahora, lo de la leche X...",Tue Aug 30 16:50:45 +0000 2016,es,NEU
7.70622E+17,215614178,"Ya llegó Unidos Podemos, @Pablo_Iglesias_ y @AGarzon acaban de llegar juntos al @Congreso_Es",Tue Aug 30 13:59:56 +0000 2016,es,NONE
7.70622E+17,309882034,@ArthasSama @Holic_meri es por no destrozar tus posibilidades con la gente guapa,Tue Aug 30 13:58:45 +0000 2016,es,NEU
7.70651E+17,3020614846,@TheFlowerGirl90 a bueno le fuistes a decir.....  quevaaa yo tengo muy poca cosa tambien ^^,Tue Aug 30 15:54:17 +0000 2016,es,N
7.70275E+17,615002402,@Crisnosesae @l30n4_ tio a mi sus libros me encantaban  pero es verdad que con el mensaje se ha pasado de clasista xd,Mon Aug 29 15:01:40 +0000 2016,es,NEU
7.70275E+17,6647132,@javier_andres @txarly fui idiota y pude comprarlas hace días. Parezco nuevo.,Mon Aug 29 15:01:24 +0000 2016,es,N
7.70275E+17,2749328408,me he ido a la ducha y se me ha olvidado coger la ropa  ahors tengo que salir a por ella y como haya alguien en mi ventana me ve desnuda,Mon Aug 29 15:01:02 +0000 2016,es,NONE
7.70275E+17,4099638743,"@Shiroychi ¡#Nunca! Lo hablaremos, lo hablaremos. Seguro que coincidimos en más de una convención.",Mon Aug 29 14:59:16 +0000 2016,es,P
7.70274E+17,314723391,@LauraCarvajal @RLloria @arturovillegasg @perezreverte @BmDulce @scardige @Laura_Chica @drcesarlozano un abrazo  es mutuo!!,Mon Aug 29 14:57:22 +0000 2016,es,P
7.70274E+17,198638201,@KoiSamsa jajajaja yo creo que esa fue improvisto eh! muchas grasias hermosa!!,Mon Aug 29 14:56:59 +0000 2016,es,P
7.70315E+17,264822411,"@LovNaty Tu vida ha parido a un grandisimo hijo de la gran p... , un maravilloso hombre!!.",Mon Aug 29 17:41:14 +0000 2016,es,N
7.70315E+17,124915538,"@Javiturpeiro eso dice mucho de él... así que nada, tómate tu tiempo que cuando estés preparado, todo llegará",Mon Aug 29 17:40:58 +0000 2016,es,NEU
7.70315E+17,337245243,@ninivecardenas2 Te puedes creer que te iba a poner lo mismo  Te quiero mi Nini,Mon Aug 29 17:40:55 +0000 2016,es,P
7.70292E+17,264822411,@Rakshasa21 Pues no disfrutarás de un Dulce suelo,Mon Aug 29 16:07:43 +0000 2016,es,N
7.70292E+17,90583878,"@ISanDesign @Hobby_Consolas jaja y por que lo peor, los juegos de Ubisoft no son tan malos, lo que si es un poco malo es ser solo de Sony",Mon Aug 29 16:06:28 +0000 2016,es,N
7.70291E+17,5494572,¡Ya hemos contactado con los ganadores de #YosoyMTVJammingVibe! Atentos porque mañana lanzamos nuevo #concurso  https://t.co/K0xoobBiM3,Mon Aug 29 16:05:49 +0000 2016,es,NONE
7.70291E+17,233615982,Ya se acaba el ineternete,Mon Aug 29 16:05:03 +0000 2016,es,NEU
7.70114E+17,143081622,"Cuando no puedo dormir, escribo todo lo que preocupa en una libreta que alguien me regaló y es como un somnífero instantáneo",Mon Aug 29 04:22:37 +0000 2016,es,P
7.70142E+17,2323884182,"@StealThisHills omito el *con alguien*, pensaba que estaba claro",Mon Aug 29 06:13:43 +0000 2016,es,N
7.70141E+17,102475143,@Otxu88 espero que fuera todo bien y ahora a por una gran semana,Mon Aug 29 06:06:50 +0000 2016,es,P
7.70115E+17,7.35148E+17,"@CNNEE y si puedo trabajar en Madrid, Buenos Aires o Bogotá yo sería también muy feliz hihihihi",Mon Aug 29 04:24:47 +0000 2016,es,P
7.7017E+17,7.56042E+17,"Al principio él no te gusta , pero te acaba gustando y cuando te deja lo extrañas",Mon Aug 29 08:02:09 +0000 2016,es,NEU
7.70157E+17,106488518,"@tinoroso @titomartin67 @uby77 es un término coloquial, no un análisis",Mon Aug 29 07:11:00 +0000 2016,es,NONE
7.70156E+17,993966698,me encantaría mucho tener una buena cámara y saber como usarla a la perfección,Mon Aug 29 07:06:20 +0000 2016,es,P
7.70166E+17,317652467,"@_mhiguera en cualquier caso gracias por tu ""welcome back"". Qué cálido ha sido",Mon Aug 29 07:48:18 +0000 2016,es,P
7.70165E+17,248316317,Han tenido buena iniciativa @AnabelCampo y encima son amigos,Mon Aug 29 07:45:01 +0000 2016,es,P
7.70165E+17,317652467,"@_mhiguera me ha dicho que es ""bienvenida de nuevo"". Pero ya me has hecho ir allí y ya  tú sabes que no suele haber nada bueno",Mon Aug 29 07:44:09 +0000 2016,es,N
7.70165E+17,305194565,"Ahora me daba yo un manguerazo a ver si se me quitaba esta cara de ""hola he dormido 2 horas""",Mon Aug 29 07:41:49 +0000 2016,es,N
7.70164E+17,2875903768,"@JulenReal Anda que no nos hemos subido ahí tu y yo en el paseo nuevo,  en fiestas de semana grande  ...",Mon Aug 29 07:39:14 +0000 2016,es,P
7.7046E+17,2186689748,@henryancat tio es que esta el librillo recien comprao der chino y me toca la polla vente pa casa te doy un piti,Tue Aug 30 03:14:32 +0000 2016,es,N
7.7048E+17,2962752227,Janowiiiiiiiicz ole tus cojones y ole tu set y tu over!!!! No me pago las fiestas pero si algún cubata!! Buenos diiiiias mundo!!,Tue Aug 30 04:36:02 +0000 2016,es,P
7.70541E+17,539833012,@AlbbaBernet póntela y te das una vuelta por Málaga porfa,Tue Aug 30 08:38:39 +0000 2016,es,NONE
7.7054E+17,307361203,"Me ha explotado un vaso en la mano, que forma tan bonita de empezar el día",Tue Aug 30 08:34:39 +0000 2016,es,N
7.7054E+17,125933031,"@crypsicho Significa que nos ha resultado gracioso cómo lo has dicho. Como ya comentamos, al final en 2016 es imposible traerlos",Tue Aug 30 08:32:12 +0000 2016,es,N
7.70539E+17,113874203,"@insumisiones Es asqueroso esto. Amiguitos de mi ex diciendo que normal que me pegase porque ""tengo mucha mala leche."" Increíble.",Tue Aug 30 08:31:11 +0000 2016,es,N
7.70566E+17,384488120,alguien sabe donde puedo intercambiar photocards de exo? o-o,Tue Aug 30 10:16:54 +0000 2016,es,NONE
7.70565E+17,470367253,AHHH Todo el mundo me manda audios y no puedo escuchar canciones tranquila,Tue Aug 30 10:12:05 +0000 2016,es,N
7.70584E+17,2910853983,"@Nine_Stories Somos pequeños y modestos, no podemos abarcar mucho más.",Tue Aug 30 11:30:14 +0000 2016,es,N
7.70584E+17,1956544568,"@GabanFK tengo las 3 ediciones originales, y bueno...no los aguanto, demasiado antiguos",Tue Aug 30 11:30:02 +0000 2016,es,N
7.70583E+17,2188958977,@HijodeBilharzio Que bonita zona de entreno escogieron,Tue Aug 30 11:24:02 +0000 2016,es,P
7.70582E+17,527536230,@FrigoAdri yo tengo que verlo tio  jaja pero se lo merece  ya hacia tiempo que lo se merecia,Tue Aug 30 11:21:16 +0000 2016,es,NEU
7.70582E+17,1956544568,@DanteDirewolf porque cuando veía a mi hermano jugar tenía malas pulgaaas,Tue Aug 30 11:20:43 +0000 2016,es,N
7.70581E+17,216390087,"@CarlosLMiranda Buen artículo Carlos , se va Lucas pero tampoco hay que dramatizar , casi me haces llorar",Tue Aug 30 11:17:41 +0000 2016,es,P
7.70578E+17,106065114,"Despues de todo sigues pendiente de mi y lo sabes, pero autoengañarse is moreee easyy",Tue Aug 30 11:06:10 +0000 2016,es,N
7.70578E+17,634770048,@UniversoMujer18 ya se acabo la hora jajaja estoy expectante a ver si me ha tocado el #cubreSelFem para llevarlo a todos lados puesto,Tue Aug 30 11:04:30 +0000 2016,es,P
7.70578E+17,1956544568,Algún alma caritativa me tiene que prestar el Pokemon,Tue Aug 30 11:03:50 +0000 2016,es,NONE
7.70571E+17,3293916292,"@lithospheric Mejor. Cuando pagan la ESA y la NASA, al fin y al cabo pagamos todos  Que chulada!",Tue Aug 30 10:36:59 +0000 2016,es,P
7.70571E+17,207882776,"@RASAMA_ yo puedo cambiar de opinión, de cara es más difícil, porque vale una pasta.",Tue Aug 30 10:36:20 +0000 2016,es,N
7.70571E+17,442100979,@ivan11PG Aunque aquí precisamente ninguno de los dos pero da igual por qué me haces esto,Tue Aug 30 10:36:01 +0000 2016,es,N
7.7057E+17,7.67352E+17,"@BertoValen I'm back! Aunque esté desaparecida en combate me alegro a lot de tu graduación, Dr! Mucho ánimo en el MIR! Un abrazo grande",Tue Aug 30 10:31:44 +0000 2016,es,P
7.70568E+17,317652467,"@ttlemans sí, supongo que usas el ave de nevera y ya cuando llegas a casa después de 10h pateando te fríes un cachopin y no vas al mcauto",Tue Aug 30 10:25:45 +0000 2016,es,NEU
7.70575E+17,199806793,"@FranCartagenaCT @BurnleyOfficial @ChelseaFC Bastante, bastante. Ganitas de verlo romper la Premier.",Tue Aug 30 10:54:12 +0000 2016,es,P
7.70572E+17,150793979,"@Vic_Phantomhive Nah, que soy un pringao que lleva aguantándole mucho y ya estoy cansado",Tue Aug 30 10:39:47 +0000 2016,es,N
7.7059E+17,632487072,@goetha  Ahora es Abel quien está resfriado  es lo ke tiene estar juntos todo el tiempo jajaja el curro bien?,Tue Aug 30 11:53:28 +0000 2016,es,N
7.7059E+17,238955821,"Está puesta la película de ""Cómo entrenar a tu dragón"" en el autobús pero la pantalla está demasiado lejos y yo soy un topo.",Tue Aug 30 11:52:47 +0000 2016,es,N
7.70562E+17,891555918,"Último dia en Elche, ahora toca Benidorm",Tue Aug 30 10:00:05 +0000 2016,es,NEU
7.70576E+17,442100979,"@ivan11PG Aunque esto no es una lucha, estamos jodidos y punto",Tue Aug 30 10:57:00 +0000 2016,es,N
7.70504E+17,14224384,De aquí a una semana hará cuatro años que vivo en Barcelona. Creo que por el momento no se me ha dado nada mal,Tue Aug 30 06:09:53 +0000 2016,es,P
7.70604E+17,1326535369,@Maquinuelo @ivansilvamatias si para ti que le vaticina al club 2 o 3 años no son malas palabras vale,Tue Aug 30 12:47:33 +0000 2016,es,P
7.70604E+17,101537092,"@nachobartolome de hecho, Nintendo Magic fue la principal fuente de información para mis especiales biográficos de Iwata",Tue Aug 30 12:46:35 +0000 2016,es,NONE
7.706E+17,790375021,tio pero cuando dawn dispara a beth y daryl la dispara a ella inmediatamente y se pone a llorar,Tue Aug 30 12:32:02 +0000 2016,es,N
7.70599E+17,68699309,"@prettio_cgm bueno,  es algo..  Cuando encima no sabes porque te pasan las cosas todo es un poco peor  lo dicho, muchos ánimos",Tue Aug 30 12:29:23 +0000 2016,es,N
7.70595E+17,3407271,Ha ardido una caravana aparcada al lado de la playa Fuego ya sofocado por los bomberos @… https://t.co/LgbW9ryGWy,Tue Aug 30 12:11:03 +0000 2016,es,NONE
7.70594E+17,176776564,@LGuillermodePab hay que ser optimistas,Tue Aug 30 12:08:43 +0000 2016,es,P
7.70594E+17,896065934,"@Perguelofici Pero, en gral, de acuerd una opinión muy interesante! Tendría q escribir también una entrada en mi blog  @CarmenAgustin",Tue Aug 30 12:07:43 +0000 2016,es,P
7.70619E+17,48515280,"@MV3ga hay cosas del hilo con las que discrepo. Como me sigues hace poco, te aviso de que yo hago rt a lo interesante, coincida o no",Tue Aug 30 13:48:19 +0000 2016,es,NONE
7.70619E+17,2910853983,"@joseplluismunoz @Congreso_Es @WillyVeleta @gerardotc Está de camino, friéndose bajo el sol sevillano",Tue Aug 30 13:46:26 +0000 2016,es,NEU
7.70617E+17,896065934,"@otonashi_saya Pero la verdad es que en general no voy mal de motivación... casi al revés, me sobra motivación (y ego",Tue Aug 30 13:41:05 +0000 2016,es,P
7.70617E+17,203490924,@ia_nav @Los40Trending @dcodefest @LEONBENAVENTETW ten por seguro que si queda libre cuento contigo,Tue Aug 30 13:40:52 +0000 2016,es,P
7.70617E+17,896065934,"@otonashi_saya Ja ja, imagino que cada uno de una forma distinta. Yo me compro gadgets o veo una peli (como Interstellar",Tue Aug 30 13:40:35 +0000 2016,es,NONE
7.70616E+17,1546602438,"Me estoy cansando a dar rt a esto d ""rt o suspendes"" pa luego suspender fijo",Tue Aug 30 13:36:34 +0000 2016,es,N
7.70605E+17,1627708958,Mi madre me deja ponerme rubia pero no el pelo morado,Tue Aug 30 12:53:36 +0000 2016,es,NEU
7.70605E+17,361887457,"Por una parte necesito la cena del sábado y volver a estar todos juntos, pero por otro lado pienso que nos vamos a separar y",Tue Aug 30 12:53:24 +0000 2016,es,NEU
7.70604E+17,461478284,He hecho el primer puré de verduras de mi vida y parece pota y sabe mal,Tue Aug 30 12:50:02 +0000 2016,es,N
7.70431E+17,597771275,Por qué tiene que ser mi pelo tan goals mojado y tan mierda despues,Tue Aug 30 01:21:46 +0000 2016,es,N
7.70429E+17,709789974,@HunterRowland duchate rapido babe que tengo sueño,Tue Aug 30 01:11:15 +0000 2016,es,NONE
7.70453E+17,459687159,Eso de echar de menos tu propia casa son leyendas urbanas,Tue Aug 30 02:49:38 +0000 2016,es,NEU
7.70469E+17,2527094522,Ea ya mañana cuando me despierte empieza la fiesta y ya estare distraido para el largo viaje de Valencia a Cadiz,Tue Aug 30 03:49:44 +0000 2016,es,P
7.70534E+17,245414893,"@lucyhale Las chicas fuertes y guapas han de luchar contra la oscuridad del mundo, que hay mucha.",Tue Aug 30 08:11:50 +0000 2016,es,NEU
7.70533E+17,106488518,@Carlos_GalindoL @FSanabriaLuis @Jluis_porta @cartoblasto @jjonline76 @uby77 las pequeñas diferencias que enfrentan las dos españas,Tue Aug 30 08:04:07 +0000 2016,es,NEU
7.70614E+17,238955821,Estaba el autobús Benidorm-Madrid al lado con las puertas abiertas y me ha tentado subirme y volver.,Tue Aug 30 13:27:31 +0000 2016,es,N
7.70613E+17,1273036590,@KMinorito Es que solo piensa que todas las canciones tristes que tienen (loser por ejemplo) son basadas en experiencia..,Tue Aug 30 13:23:48 +0000 2016,es,N
7.70632E+17,309815805,"@REANYMA @FernandoFabiani No, no, ¡dijo que dejaban de surfear por la cornea! Que se quedaban quietecitas.",Tue Aug 30 14:41:00 +0000 2016,es,NEU
7.70634E+17,153348028,"@AnaSJuarez @OfficialMauiJim ¡Hola Ana! Te hemos contestado por mensaje privado, donde no hay limitación de caracteres  ¡Gracias!",Tue Aug 30 14:46:55 +0000 2016,es,NONE
7.7063E+17,466573647,Si algún alma caritativa tiene mac y sabe como instalar excell de windows que me diga pls,Tue Aug 30 14:31:52 +0000 2016,es,NONE
7.7045E+17,576570451,"@SylexVid @EnVy_HarryHook ?  a la derecha aparecen los personajes más jugados en ranked, no lo que vamos a jugar",Tue Aug 30 02:38:00 +0000 2016,es,NONE
7.70432E+17,729326438,Ya decía yo que lo bueno me iba a llegar tarde o temprano  espero no poder equivocarme,Tue Aug 30 01:24:35 +0000 2016,es,P
7.70427E+17,581153789,"Voy a soñar con fórmulas matemáticas, historia del mundo y la pasiva en inglés *le explotará la cabesa*",Tue Aug 30 01:05:59 +0000 2016,es,N
7.7051E+17,91117809,"@XulioePunto Pues escapó.. Y no lo dimos encontrado, estuvimos al menos 5 personas buscando y nada",Tue Aug 30 06:34:16 +0000 2016,es,N
7.70529E+17,402019310,@joanllenas es que son todo cosas que me molan  A lo mejor ya conoces speaking.io de Zack Holman también,Tue Aug 30 07:50:30 +0000 2016,es,P
7.70782E+17,1883621828,He visto un documental sobre las pirámides los moais y predicciones y ahora me da cosita dormir sola,Wed Aug 31 00:34:53 +0000 2016,es,N
7.70797E+17,1531589856,"La regla me esta destrzando el cuerpo Quiero vomitar, me duele la tripa, la cabeza, tengo fiebre y estoy mareada y pf",Wed Aug 31 01:35:48 +0000 2016,es,N
7.70778E+17,94068882,"@zapejuana @Exojo @yeya_ade @rosipasmar @gartoro @nshradio Qué bonito... a mí me tiene que pagar las horas extras también, soy así...",Wed Aug 31 00:17:39 +0000 2016,es,P
7.70783E+17,296491575,"@SomeJaneDoe_ nazismo y fangirleo como tú filosofía de vida, doble moral  juju",Wed Aug 31 00:39:40 +0000 2016,es,N
7.70875E+17,266097818,"@carlosgterol @MataTweet Si, ayer estuvimos reunidos en Moncloa, pero al final habrá que repetir elecciones ... Está que responde!",Wed Aug 31 06:43:34 +0000 2016,es,NONE
7.70877E+17,1907303942,"Ya es oficia nos quedamos sin Konoplyanka en @LaLiga Eso sí, será una alternativa barata a Reus en la Bundes https://t.co/mvOqHl4p53",Wed Aug 31 06:51:46 +0000 2016,es,N
7.70941E+17,410317237,Con ganas ya de que llegue septiembre Y comenzamos mañana nueva temporada en @DelecturaOblig. #adiosagosto,Wed Aug 31 11:07:23 +0000 2016,es,P
7.7094E+17,129025914,"@_lauu_20 Gracias por lo de ""ídolo""  Aunque solo soy una persona normal y corriente que escribe libros",Wed Aug 31 11:05:12 +0000 2016,es,P
7.70948E+17,113874203,@Rokkowen TODOS SIEMPRE tienen carita de super buenos y adorables pero luego la lían,Wed Aug 31 11:36:15 +0000 2016,es,N
7.70947E+17,4407472582,"Llevo toda la mañana haciendo cosas y no he podido ver ni moon lovers, ni signal, ni nada",Wed Aug 31 11:31:45 +0000 2016,es,N
7.70944E+17,277541305,"""No tenemos la sensación de ir a un trabajo"", din os @PIXIES Eu na ofi lendo o @rockdelux, tampouco a teño  https://t.co/MEG8DZVVTn",Wed Aug 31 11:20:26 +0000 2016,es,P
7.70943E+17,86366797,"@VicentIvars @JJCuerda @eljueves pero hombre, eso ya lo había leído  La pregunta es... ¿Cuál pretende ser el titular completo?",Wed Aug 31 11:15:37 +0000 2016,es,NONE
7.70916E+17,1622694715,"Voy a sentar a mi sobrina en el médico y me dicen uno súper mal ""está ocupado"" y le digo yo, pues se desocupa para la niña",Wed Aug 31 09:27:04 +0000 2016,es,N
7.70959E+17,379298947,"HIJOS DE PUTA, dejad de darle rt a los otros y preguntadle a alguien por mi que no se a cuantos le he dao rt y solo ha respondido 1",Wed Aug 31 12:17:49 +0000 2016,es,N
7.70958E+17,109607963,"@tonyoaguiar @albertopedroche Anda castrón, comí aquel trocín pequeño que me cortaste",Wed Aug 31 12:14:54 +0000 2016,es,N
7.70909E+17,303234047,me cago en mi puta vida y en el puto vecino por hacer tanto ruido de buena mañana,Wed Aug 31 09:01:55 +0000 2016,es,N
7.70949E+17,1462904618,"#HistoriasAlegresEn4Palabras ""hoy trabajo en compañía"" y es que en @TaludEria se trabaja rodeado de gente muy maja  #Coworking #Oviedo",Wed Aug 31 11:39:09 +0000 2016,es,P
7.70934E+17,1367236284,@Aitt7 calla que yo estoy ahora en mi día libre y las horas se pasan más rápido que poniendo copas en el bar,Wed Aug 31 10:39:17 +0000 2016,es,N
7.70884E+17,198793758,"@Julio_C_19 Hola Julio, para que las pizzas lleguen en las mejores condiciones, marcamos la pizza, no la cortamos",Wed Aug 31 07:21:33 +0000 2016,es,NONE
7.70905E+17,2748895241,Ayer fue un día de emociones muy encontrada se acerca septiembre por un lado y por el otro una personita que siempre me hace sonreír,Wed Aug 31 08:44:27 +0000 2016,es,NEU
7.70904E+17,459466570,@Chorraera FP lo tiene vetao,Wed Aug 31 08:41:08 +0000 2016,es,NEU
7.70878E+17,56970765,Qué bonito es ser mujer  y que te joda los planes que tenias  y que te despierte el dolor de ovarios,Wed Aug 31 06:56:23 +0000 2016,es,N
7.69849E+17,279007192,"@ItsMeCar0l ¡Hooola, buenas! Soy el que tenía los ojos rojos en la fiesta de Elle  ¡Te sigo !",Sun Aug 28 10:49:29 +0000 2016,es,NONE
7.69849E+17,487586120,"@Rafuki21 178. Sabes que me caes muy muy bien, y que en un futuro te daré un poco el coñazo con dudas de Diseño Gráfico",Sun Aug 28 10:46:35 +0000 2016,es,P
7.69809E+17,2313533023,"¡¡Muchas felicidades en el día de su cumpleaños a un buen amigo como @sagastiker!! A pasarlo en grande, compañero",Sun Aug 28 08:08:42 +0000 2016,es,P
7.69581E+17,2522975187,¿No os pasa que en ferias podéis ver a una persona como unas 29 veces y justo a quien quieres ver no le/la ves ni una jodida vez?,Sat Aug 27 17:03:34 +0000 2016,es,N
7.69607E+17,1348393310,"@FutbolModestoEs Que guapísimo , dejaron mendizorroza, pero San mames ... de los + guapos del MUNDO¡¡ sin duda.(opinión)",Sat Aug 27 18:45:57 +0000 2016,es,P
7.69634E+17,170288785,"@sport JA JA JA JA JA  Teneis el ojino como la bandera de Japón ,hijos de la gran puta",Sat Aug 27 20:32:28 +0000 2016,es,N
7.69628E+17,208646592,"@Tokpelotas estos últimos días han sido una detrás de otra. Ahora mismo nos vamos a La Fe a que miren a Pau, otra vez bronquitis",Sat Aug 27 20:10:40 +0000 2016,es,N
7.69654E+17,446120051,"Creo que pocas veces he estado tan enfadado como esta mañana, pero bueno, entre Uncharted 4 y el ejercicio me han animado",Sat Aug 27 21:51:56 +0000 2016,es,NEU
7.6987E+17,2225135994,Echo de menos a Lexa  mis bragas ya no vuelan tanto como antes. Ya no me hace falta limpiarlas cada 5 minutos,Sun Aug 28 12:11:21 +0000 2016,es,N
7.6996E+17,314130325,"Utopí audiencia estable, media de más de 8'5 en Imdb etc... Pero fue cancelada. No se puede tirar tanto de la manta farmacéutica",Sun Aug 28 18:09:23 +0000 2016,es,N
7.69965E+17,2500470195,mi vida es una mierda primero me enamoro de un macedonio en ibiza y ahora del timbales de la panorama,Sun Aug 28 18:29:35 +0000 2016,es,N
7.69968E+17,365143716,Más de lo mismo...esport3 dando un partido de 2ª B entre #rcde y valencia y no se cortan un pelo en decir que el far$a marca en Bilbao,Sun Aug 28 18:42:10 +0000 2016,es,N
7.69969E+17,365143716,"Marca el valencia B el 0-1 en la DANI JARQUE, hay que decir que jugamos con 1 menos por expulsión más que rigurosa de un defensor perico",Sun Aug 28 18:45:20 +0000 2016,es,NEU
7.69629E+17,2535654616,@PITjjjimenez_PK Denada  porcierto hazme un hueco en tu agenda de combates quiero ver lo que es capaz tu monotype contra el mio,Sat Aug 27 20:12:19 +0000 2016,es,P
7.69664E+17,384488120,Esta semana ha sido tan chachiosa que ya puedo decir que el verano se ha acabado de una manera decente  y lloro,Sat Aug 27 22:34:02 +0000 2016,es,NEU
7.6964E+17,327144487,Apenas me he muerto de miedo pasando por la plaza donde se hace la hoguera de San Juan toda oscura.,Sat Aug 27 20:58:45 +0000 2016,es,N
7.69905E+17,402944529,"@pocho_f1 pero McLaren parece q mejora, 1,5s mas rápido que el año pasado en Qualy, y mantuvo a raya a los williams en Spa!",Sun Aug 28 14:28:32 +0000 2016,es,P
7.69826E+17,7.12177E+17,"No he ganado ni ganaré nada del concurso Me lo esperaba,soy gafe y al fin y al cabo la suerte no esta NUNCA de mi parte. #prayforiaben",Sun Aug 28 09:17:09 +0000 2016,es,N
7.69904E+17,564946577,En verdá llevo sin jugar al pokemon go desde que volví de Galicia porque ver que en Madrid no me sale nada guay me deprime y mucho,Sun Aug 28 14:25:41 +0000 2016,es,N
7.69902E+17,542883942,Mi padre le ha dado un manotazo a mi móvil y gracias a Dios que lo que se ha roto ha sido el cristal templado,Sun Aug 28 14:20:03 +0000 2016,es,N
7.69908E+17,2252516903,"Quiero el pelo negro azulado y no sé cómo conseguirlo  los tintes de ese color que me he echado, no han hecho nada.",Sun Aug 28 14:43:46 +0000 2016,es,N
7.69907E+17,566289720,"@Serjo77_ ya pero que estoy diciendo que el feminismo no es lo contrario de machismo es el hembrismo q como tu dices, no existe",Sun Aug 28 14:37:46 +0000 2016,es,NONE
7.69881E+17,3293916292,"@ithaisa_sm @SuperScienceMe La verdad es que si, muy bonito  Me alegro que te haya gustado ! Y que hayas aprovechado el paseo virtual jeje",Sun Aug 28 12:55:01 +0000 2016,es,P
7.6962E+17,560403013,@Nuchiky está en textos en inglés y voces en japonés. Que desilusión me he llevado al poner el juego  habrá que acostumbrarse,Sat Aug 27 19:38:25 +0000 2016,es,N
7.69876E+17,1538511265,"@borjald Ahora, la alternativa es incoherente e igual de inviable a día de hoy. En eso creo que estamos de acuerdo",Sun Aug 28 12:34:54 +0000 2016,es,N
7.69874E+17,331614853,"@SergioRevolS Pero este verano tampoco ha llegado a hacer calor, sobre todo si lo comparamos con el pasado",Sun Aug 28 12:25:42 +0000 2016,es,P
7.69917E+17,3426876682,@mariamira67 que nos regales con capturas de imagen de tus actividades ya no es sorpresa. Lo sorprendente es que tienes inivitado!,Sun Aug 28 15:20:02 +0000 2016,es,P
7.69831E+17,2233590716,@Avenghelyne un bq Aquaris m5.5 de hace un mes exacto y ya fallan cosas Busco uno que sea fluido y no me de problemas y buena garantia,Sun Aug 28 09:36:30 +0000 2016,es,N
7.69819E+17,314723391,"@eloycanovas jajaja! genial, te deseo lo mismo  los días se construyen, verdad?",Sun Aug 28 08:48:39 +0000 2016,es,P
7.69816E+17,250829897,@leeahistheway ya... ha sido muy grotesco por mi parte poner una foto de Ojeda a las 10:30. Perdona,Sun Aug 28 08:38:11 +0000 2016,es,N
7.72546E+17,63692145,"@sdelgadoaros ..por cierto, en USA obligan a parir a una niña de 12 años, embarazada a caua de una violación..? (Es para unas amigas)",Sun Sep 04 21:23:43 +0000 2016,es,N
7.72544E+17,450670123,Y los directos deberían ser totalmente estables (ya que en Madrid solían darme problemas) Se vienen cosas chulas,Sun Sep 04 21:18:55 +0000 2016,es,P
7.72542E+17,4609943536,odio la ubicación de tw porque yo la quiero dejar puesta pero cada vez que tuiteo me sale el nombre de mi pueblo y no quiero eso,Sun Sep 04 21:09:50 +0000 2016,es,N
7.72552E+17,37017558,"@JuditRT home pues todos. L y M me tengo que levantar prontisimo para solo una hora y luego X, J y V tengo muchas horas  y clase todos los",Sun Sep 04 21:48:33 +0000 2016,es,N
7.7144E+17,101548399,@Pudimos_ @iunida brutal! Como se parece a las manis separatistas en Catalunya!! Espero que todos consigan la anhelada libertad,Thu Sep 01 20:11:23 +0000 2016,es,P
7.70675E+17,331614853,"Recuerdo a un podemita al final de una discusión q me dijo en F ""y si nos tienen que robar por lo menos que sean otros""  #MarcaEspaña",Tue Aug 30 17:28:47 +0000 2016,es,N
7.72425E+17,205727445,"@jcrlaguera @sinfaltas_com @delcastellano sí, es usual en País Vasco y zonas limítrofes, pero no me cabía lo último en el tuit",Sun Sep 04 13:25:02 +0000 2016,es,NONE
7.72424E+17,1455182755,"@sylviahaze_ yo por ejemplo lo único de maquillaje q tengo bueno es de Kat Von D pero entiendo que NYX es barato y que compren, es jodido",Sun Sep 04 13:20:02 +0000 2016,es,N
7.72423E+17,766618916,Soy un chico muy perverso,Sun Sep 04 13:16:21 +0000 2016,es,N
7.725E+17,5179651,"@jrfern @xarxatic IA no llegó a ser social. Fue un espacio social de dinamización, muy útil, pero con fecha de caducidad. Y abrumador.",Sun Sep 04 18:23:28 +0000 2016,es,N
7.72506E+17,1034566536,@oskiblasco te juro que cuando el que ganó el pantin classic tiro la gorra y yo salte a por ella me calleron 2 encima y me aplastaron  JAJ,Sun Sep 04 18:46:13 +0000 2016,es,N
7.72479E+17,2825707407,@pacoleonbarrios Aun hace calor pero las piscinas ya están cerradas y el mar pilla lejos  El Corte inglés no ha dicho aún que se acaba...,Sun Sep 04 16:57:34 +0000 2016,es,N
7.72081E+17,844158452,La envidia que le tengo a los que están conociendo a Jenko y Danielle ahora mismo no es normal. Es que ya aunque coja un avión no llego.,Sat Sep 03 14:36:56 +0000 2016,es,N
7.72376E+17,124117596,Me alegro mucho por vosotros! Sois una familia ideal  @mola_viajar aqui v si es niño Erik y si es niña Esther jaja,Sun Sep 04 10:09:19 +0000 2016,es,P
7.72522E+17,7.09514E+17,@V966Cobano Ojalá personaje! Pero tengo examen el 12  De todas formas hablamos para la semana siguiente que ya se lo he dicho a Fernando!,Sun Sep 04 19:48:02 +0000 2016,es,N
7.72509E+17,2214486214,#astroymas lo necesito. Se me acaba de romper   snifff snifff  gran podcast!!! saludos desde A Coruña (España),Sun Sep 04 18:57:30 +0000 2016,es,N
7.72448E+17,1772955811,"Bueno, pues vamos a recuperar el tiempo perdido. Empezare por descargarme el Manchester City - West Ham, a ver que tal",Sun Sep 04 14:57:20 +0000 2016,es,P
7.72463E+17,1899680774,"#feliz domingo.. que todos encontremos la gloria bendita, el ocio, la magia, los besos compartidos de amor, el duende..",Sun Sep 04 15:54:56 +0000 2016,es,P
7.71386E+17,1273036590,"@astrongergirl "" En algún momento empecé a mirar más al suelo que al cielo "" "" Estoy harto de llorar, así que intento sonreír """,Thu Sep 01 16:35:37 +0000 2016,es,N
7.71353E+17,35556479,@AccidentesTV Tengo entendido que en ese vídeo los que salen son trampeadores que se dedican a atrapar y luego liberar lobos sin muerte,Thu Sep 01 14:23:33 +0000 2016,es,NONE
7.714E+17,527555139,Ahora que empiezan las jornadas de toros en esta ciudad me pongo un poco más triste al ver que seguimos sin evolucionar en muchas cosas,Thu Sep 01 17:31:03 +0000 2016,es,N
7.71457E+17,183384430,"@Oviedo_crt digamos que soy lo bastante mayor para q si se pone tonta,ponerla en mis rodillas y darle unos azotes en el culete",Thu Sep 01 21:16:03 +0000 2016,es,N
7.71461E+17,476651806,@PXJarke lol pero si es igual que el bo3 menos mal que me va a salir gratis y con season pass jajaj gracias btw por el vine,Thu Sep 01 21:35:22 +0000 2016,es,P
7.71477E+17,184787400,"@escardi muchas felicidades en el día de tu cumpleaños sensual, espero que te lo pases genial y recibas muchos regalos suculentos",Thu Sep 01 22:37:12 +0000 2016,es,P
7.71339E+17,14571947,"@juanlebrijo Esa posibilidad está contemplada y, si hiciera falta, x el bien de España y por responsabilidad volvería a hacerse sin dudar",Thu Sep 01 13:27:22 +0000 2016,es,NEU
7.71337E+17,93052898,No puedo evitar ir a beber una lata de refresco y acordarme de @LourdesBiurrun family y terminar sirviéndome en vaso...,Thu Sep 01 13:22:43 +0000 2016,es,NEU
7.71337E+17,51607182,@MadnessOctopus ya... hay gente que es capaz de hacer eso. Yo si me corazón me pide poner cara de seta. No soy capaz de sonreir,Thu Sep 01 13:21:19 +0000 2016,es,N
7.71336E+17,28350577,"@Moguei @Begomix no tiene bastante con tener DOS puntos de salud, además está enamoradísima de la princesa y la princesa de la mala",Thu Sep 01 13:15:46 +0000 2016,es,N
7.71361E+17,1606385923,"@Dekainfame sí, he leído eso, pero luego he leído OTOÑO, NOVIEMBRE, DICIEMBRE y me ha dado bajón Además no tengo ni ds ni juego",Thu Sep 01 14:57:18 +0000 2016,es,N
7.71296E+17,14571947,@JosMan_GoGi El efecto a largo plazo es la desafección mayoritaria entre la izquierda  El votante se cansa y se queda en casa.,Thu Sep 01 10:38:32 +0000 2016,es,N
7.71304E+17,584939125,@Sara_benben pero el caso es que en Humanidades hay latín y griego y yo en mi vida he dado latin y griego así que me iria fatal en ellas,Thu Sep 01 11:10:29 +0000 2016,es,N
7.71309E+17,2261731041,"URGENTE!!! VENTA MY NAME TIKETS!!! Tengo dos tickets ULTIMATE VIP pero no podemos ir  los vendo más baratos, contactad conmigo!!!",Thu Sep 01 11:28:16 +0000 2016,es,NONE
7.71303E+17,129556894,"@CucoRguez Ya, estoy jugando al ratón y al gato. No solo voy, me quedo a dormir mañana en vuestro hotel. Quedamos fijo.",Thu Sep 01 11:04:14 +0000 2016,es,P
7.7172E+17,7.71711E+17,"@Alvaro845 @progames045  tienes toda la razon alvaro! Soy un gran fan tuyo tu me enseñaste casi todo de clash of clans, eres el mejor!!!",Fri Sep 02 14:44:12 +0000 2016,es,P
7.71784E+17,951463099,@DBeletujo ajajajaja yo en Benidorm vi a dos mujeres con carritos de bebé y los perros dentro y cuando las vimos nos quedamos flipados,Fri Sep 02 18:55:10 +0000 2016,es,N
7.71792E+17,245414893,@SophiaBush Pero me gusta la Idea.  Ver chicas fuertes luchando al estilo Dragon Ball Z y en versión real.,Fri Sep 02 19:27:00 +0000 2016,es,P
7.71494E+17,2847521219,"@timetransfixed_ te juro que no me acuerdo solo sé que alba hizo el vídeo inmitándole, no recuerdo absolutamente nada del original",Thu Sep 01 23:43:03 +0000 2016,es,N
7.71609E+17,208981711,Han talado el abedul gigante que había en la esquina de Ríos Rosas con Castellana  ¿Alguien sabe porqué? #Madrid,Fri Sep 02 07:20:02 +0000 2016,es,N
7.71615E+17,197178703,Demasiadas cosas raras en poco tiempo! Anda y que les follen 0 complicaciones 0 historias Me voy a la playa y viva España!,Fri Sep 02 07:46:24 +0000 2016,es,N
7.71807E+17,9188682,"Acabo de comprobar en Linkedin  si eras mi antiguo alumno, tengo un gran recuerdo @alexldguevara  Te deseo lo mejor @vlcextra",Fri Sep 02 20:30:12 +0000 2016,es,P
7.7181E+17,567479832,"@lbavi25 yo tampoco la he visto aún pero iré si salgo de la cueva, no puedo resistirme. Te aviso por si no tienes nada mejor que hacer",Fri Sep 02 20:40:07 +0000 2016,es,NEU
7.71805E+17,1137731839,"Voy a jugar mi primera ranked de 10. Hmm no se si la liaré o no, pero bronce V me espera y mañana jugaré poco o nada, so a jugársela",Fri Sep 02 20:19:20 +0000 2016,es,P
7.71695E+17,17154248,"@Pedro_GarMu uy qué bien me vendría para colocar la WiFi, el portátil, las flautas, el saxo, el nariclete, las partituras y mi desorden",Fri Sep 02 13:03:55 +0000 2016,es,P
7.71862E+17,446120051,"Yo estaba cansadete, pero de repente me habla a un amigo para jugar un ratejo a la Beta de Battlefield 1, y quién le dice que no al chico",Sat Sep 03 00:05:09 +0000 2016,es,P
7.71836E+17,76593802,Es decente tener un Gobierno democrático que cumpla su función politica. NO lo es tener un Gobierno que representa la #corruPPción,Fri Sep 02 22:23:35 +0000 2016,es,N
7.71839E+17,371211573,"@TichKhan_ d los cines donde la hacen este finde,el+accesible es el icaria,q ha bajado precios(no me pagan xD),o las matinales de DiagMar",Fri Sep 02 22:34:52 +0000 2016,es,P
7.71875E+17,2200040070,"nos subtitulos de Bojack horseman tan hablando de El Pais, El Mundo, El Mundo Today y Alaska y Mario y ye terrible",Sat Sep 03 00:58:25 +0000 2016,es,N
7.71847E+17,1165362025,@juanarza @JuanCladeRamon lo he intentado. Espero q en los próximos días veamos una ilustración práctica q ayude a clarificarlo,Fri Sep 02 23:06:47 +0000 2016,es,N
7.72771E+17,315676628,"@BiciMAD Bien, ahora solo falta que pongáis una estación en #PuenteDeVallecas para poder ir en bici hasta mi casa",Mon Sep 05 12:20:25 +0000 2016,es,P
7.72758E+17,513630754,Soy el unico al que le da mal rollo la gente con gafas de sol? es que no sabes si te está mirando o no y pues,Mon Sep 05 11:28:19 +0000 2016,es,N
7.72839E+17,560569991,"@RinAnllel Uno aprende que el mejor momento de crear bonitos recuerdos es el presente, el pasado ya fue, te toca elegir lo que va a ser",Mon Sep 05 16:47:28 +0000 2016,es,P
7.72868E+17,278236141,"@Anina97 Pues a mi me pasó una experiencia paranormal allí de noche y no he vuelto, pasé muchísimo miedo",Mon Sep 05 18:44:45 +0000 2016,es,N
7.72856E+17,1772955811,Esta decidido. ¡Habrá Modo Carrera en el canal en FIFA 17! Si este tweet llega a los 30 likes desvelaré el equipo con el que se hará,Mon Sep 05 17:57:54 +0000 2016,es,NONE
7.72819E+17,299851241,"@MoratoX_ genial, pero ten cuidado está muy vigilado, este está hecho con uno casi de juguete, Syma X5c, casi no entraña riesgo",Mon Sep 05 15:29:33 +0000 2016,es,NEU
7.72817E+17,3936759268,Tengo dos horas seguidas de latín y griego. Dos horas seguidas con la misma profesora. Menos mal que me cae bien. Pero son DOS horas.,Mon Sep 05 15:21:39 +0000 2016,es,NEU
7.72814E+17,399682201,"@YJaretir al cine no es romántico, vale. Yo de regalar algo soy más de dildos, lubricantes, o comida, algo de buen uso y luego doy masaje",Mon Sep 05 15:09:39 +0000 2016,es,N
7.72799E+17,547571540,Cuando suben tres fotos tuyas representando tres clases de la Escuela de Música y sales de todo menos bien,Mon Sep 05 14:11:13 +0000 2016,es,N
7.72444E+17,2809090109,@emanoluz pues te propongo un cambi yo te regalo un poco de mi calor y tú un poquito también de ese frío  un poquito de tu Argentina,Sun Sep 04 14:41:18 +0000 2016,es,P
7.72135E+17,7.53143E+17,"- ¿Como sabes que eres bisexual si nunca has estado con una chica? Mimimi + Porque ayer me lo pase de lo lindo, pensando en tu hermana",Sat Sep 03 18:10:27 +0000 2016,es,NONE
7.71107E+17,377411023,@___abm13 me has borrao del lol?,Wed Aug 31 22:08:48 +0000 2016,es,N
7.71269E+17,309882034,"@aletheia7 sí, ya estoy resignado en ese sentido",Thu Sep 01 08:50:07 +0000 2016,es,N
7.73304E+17,2751965073,Era más grande de lo que parece.,Tue Sep 06 23:37:56 +0000 2016,es,NEU
7.7328E+17,1911495290,@Galan_Javichu lo que estoy es deprimida,Tue Sep 06 22:03:12 +0000 2016,es,N
7.73339E+17,773810299,tu en serio por que sois tan tontos,Wed Sep 07 01:54:39 +0000 2016,es,N
7.73514E+17,2356208901,Iré a la bgw con una pequeña sorpresa,Wed Sep 07 13:31:18 +0000 2016,es,NEU
7.7352E+17,1122219997,"No es que ahora no sea feliz, pero antes lo era más",Wed Sep 07 13:54:10 +0000 2016,es,N
7.74734E+17,312008783,Mañana va a ser un día guay,Sat Sep 10 22:18:27 +0000 2016,es,P
7.74695E+17,2261781,Qué jodido es ser del @RealZaragoza hoy,Sat Sep 10 19:45:24 +0000 2016,es,N
7.73655E+17,2460368324,@marinj460 a mi me a pasado en la 76,Wed Sep 07 22:51:54 +0000 2016,es,NONE
7.73552E+17,843720834,Estoy muy preocupado por él con lo bueno que es,Wed Sep 07 16:01:56 +0000 2016,es,NEU
7.73651E+17,420605076,@Pattvh_ no porque no los tienes activados a todos,Wed Sep 07 22:34:31 +0000 2016,es,NONE
7.73668E+17,1163882815,"@MrJungla ya somos dos, que triste",Wed Sep 07 23:43:11 +0000 2016,es,N
7.73668E+17,2480481896,@DovakhiinMudo 9 por lo buenico que eres,Wed Sep 07 23:42:39 +0000 2016,es,P
7.73239E+17,263212514,@chefidiaz no seas muy dura,Tue Sep 06 19:18:30 +0000 2016,es,N
7.74194E+17,324297900,Ya me encuentro mucho mejor.,Fri Sep 09 10:34:42 +0000 2016,es,P
7.73971E+17,1490536512,alguien duo por la noche?,Thu Sep 08 19:46:35 +0000 2016,es,NONE
7.7475E+17,473344431,"Que os den, buenas noches",Sat Sep 10 23:21:29 +0000 2016,es,N
7.74979E+17,913081663,Hoy es un día especial. Feliz 11S.,Sun Sep 11 14:33:11 +0000 2016,es,P
7.74978E+17,291588697,"@anna_delaossa ya no tengo mas , soy pobre",Sun Sep 11 14:30:24 +0000 2016,es,N
7.74957E+17,1397160780,Quiero ir a la Diada,Sun Sep 11 13:06:47 +0000 2016,es,NEU
7.75006E+17,404895849,@AndreaJArsenal a mí en directo pero,Sun Sep 11 16:19:14 +0000 2016,es,NONE
7.73445E+17,1246846796,@CodigoNoVerbal Tanto como nosotros de que la impartas,Wed Sep 07 08:56:27 +0000 2016,es,P
7.75044E+17,5725002,@Ssictor No todos somos gilipollas,Sun Sep 11 18:52:49 +0000 2016,es,N
7.73113E+17,1413327042,Un día la casa para mi sola por fín,Tue Sep 06 10:56:22 +0000 2016,es,P
7.7321E+17,1394961619,@VasoDeLejia Pero si yo soy inocente o no lo soy..,Tue Sep 06 17:23:42 +0000 2016,es,NEU
7.73137E+17,3362465843,Luego la rara soy yo,Tue Sep 06 12:31:42 +0000 2016,es,N
7.73184E+17,730234554,Esto de estar feliz mola,Tue Sep 06 15:40:19 +0000 2016,es,P
7.73162E+17,1086964045,que ganas del FF XV en serio,Tue Sep 06 14:14:35 +0000 2016,es,NEU
7.73126E+17,1213715305,@Monicadocatelan no se si seré tan despreciable,Tue Sep 06 11:49:44 +0000 2016,es,N
7.73027E+17,780345962,Las 7 y cuarto y yo aquí,Tue Sep 06 05:16:17 +0000 2016,es,NONE
7.67849E+17,550951887,"@WaterLiliesMon_ no las des, en serio.",Mon Aug 22 22:19:21 +0000 2016,es,NONE
7.67681E+17,527327690,@showmystyles pero esa no es bonita,Mon Aug 22 11:12:15 +0000 2016,es,N
7.68784E+17,564946577,@ionrumanboy no es tan facil,Thu Aug 25 12:16:06 +0000 2016,es,N
7.68895E+17,2420814934,Ya me han picado los bichos,Thu Aug 25 19:37:59 +0000 2016,es,N
7.68869E+17,109951860,Me voy a despejarme un poquito por ahi,Thu Aug 25 17:52:26 +0000 2016,es,NEU
7.67366E+17,7.48607E+17,Que coraje me dan lxs prepotentxs,Sun Aug 21 14:21:53 +0000 2016,es,N
7.67394E+17,499169828,ah bueno y no tengo dinero,Sun Aug 21 16:12:46 +0000 2016,es,N
7.67521E+17,194921079,Encima estoy en mal de amores tio.,Mon Aug 22 00:37:56 +0000 2016,es,N
7.67432E+17,299067648,En realidad no soy tan blanca,Sun Aug 21 18:44:59 +0000 2016,es,NEU
7.67389E+17,2703291123,Tengo los md abiertos Crushes,Sun Aug 21 15:51:59 +0000 2016,es,NONE
7.68235E+17,585797664,Lo peor es que no es aposta,Tue Aug 23 23:52:52 +0000 2016,es,N
7.68184E+17,3545562856,@nyctophyle tia eso es muy raro,Tue Aug 23 20:33:24 +0000 2016,es,N
7.68163E+17,2755933422,Soy muy obvia pero me la suda,Tue Aug 23 19:09:19 +0000 2016,es,NEU
7.68068E+17,2802261008,@ibk_lx7 Ps porque tú lo eres conmigo,Tue Aug 23 12:50:12 +0000 2016,es,NONE
7.67817E+17,623151538,@eduarsarcos yo no soy normal,Mon Aug 22 20:14:50 +0000 2016,es,N
7.69275E+17,373451203,tenía un mensaje directo y estaba,Fri Aug 26 20:46:25 +0000 2016,es,NONE
7.69307E+17,229944730,"@cakebaess no lo es, tranquila",Fri Aug 26 22:55:01 +0000 2016,es,P
7.69325E+17,211578764,Me estoy muriendo de lo malo que estoy,Sat Aug 27 00:06:21 +0000 2016,es,N
7.6919E+17,2995492570,@Maria_livefree yo ya lo tengo bonica,Fri Aug 26 15:10:22 +0000 2016,es,P
7.68382E+17,41178978,A ver súper cutie y tal pero,Wed Aug 24 09:38:47 +0000 2016,es,N
7.68371E+17,1197585097,Me encuentro muy mal hoy no estoy para trabajar,Wed Aug 24 08:56:06 +0000 2016,es,N
7.69559E+17,377411023,@Mentestropeada Bof tio que duro,Sat Aug 27 15:36:43 +0000 2016,es,N
7.68942E+17,1645544503,@Hekiina es que la intimidas,Thu Aug 25 22:45:26 +0000 2016,es,N
7.68961E+17,220410893,@mariaaravjo oye pero yo no soy tan burguesito sbs,Fri Aug 26 00:00:55 +0000 2016,es,N
7.68773E+17,2247291430,@GordoMaestro No lo soy lemado,Thu Aug 25 11:30:39 +0000 2016,es,NEU
7.57481E+17,710826144,Xq ta cerrao el estanco,Mon Jul 25 07:43:43 +0000 2016,es,N
7.57602E+17,1238835854,@YelouKitty pero eso no es grasioso,Mon Jul 25 15:42:40 +0000 2016,es,N
7.57594E+17,622958898,@Davorias Pero es que está muy rica,Mon Jul 25 15:09:20 +0000 2016,es,P
7.57586E+17,88907317,@narvalillo Eso es antiguo ya,Mon Jul 25 14:38:06 +0000 2016,es,N
7.57097E+17,7.53562E+17,Mi TL esta vacía a estas horas,Sun Jul 24 06:17:42 +0000 2016,es,N
7.57972E+17,429129164,"Ya tengo uno, pero ese es más cheto  @aweamasome.",Tue Jul 26 16:12:33 +0000 2016,es,NEU
7.5795E+17,383712430,Estoy sensible y lloro por todo y,Tue Jul 26 14:45:05 +0000 2016,es,N
